{
  "abacaxi": {
    "sounds": [
      "Abacaxi"
    ],
    "category": "record",
    "subtitle": "subtitles.record.word"
  },
  "abasia": {
    "sounds": [
      "Abasia"
    ],
    "category": "record",
    "subtitle": "subtitles.record.word"
  },
  "abditive": {
    "sounds": [
      "Abditive"
    ],
    "category": "record",
    "subtitle": "subtitles.record.word"
  },
  "abdomen": {
    "sounds": [
      "Abdomen"
    ],
    "category": "record",
    "subtitle": "subtitles.record.word"
  },
  "abdominothoracic": {
    "sounds": [
      "Abdominothoracic"
    ],
    "category": "record",
    "subtitle": "subtitles.record.word"
  },
  "abhorrent": {
    "sounds": [
      "Abhorrent"
    ],
    "category": "record",
    "subtitle": "subtitles.record.word"
  },
  "abolish": {
    "sounds": [
      "Abolish"
    ],
    "category": "record",
    "subtitle": "subtitles.record.word"
  },
  "absence": {
    "sounds": [
      "Absence"
    ],
    "category": "record",
    "subtitle": "subtitles.record.word"
  },
  "absorb": {
    "sounds": [
      "Absorb"
    ],
    "category": "record",
    "subtitle": "subtitles.record.word"
  },
  "abstract": {
    "sounds": [
      "Abstract"
    ],
    "category": "record",
    "subtitle": "subtitles.record.word"
  },
  "accommodate": {
    "sounds": [
      "Accommodate"
    ],
    "category": "record",
    "subtitle": "subtitles.record.word"
  },
  "accomplishment": {
    "sounds": [
      "Accomplishment"
    ],
    "category": "record",
    "subtitle": "subtitles.record.word"
  },
  "acculturate": {
    "sounds": [
      "Acculturate"
    ],
    "category": "record",
    "subtitle": "subtitles.record.word"
  },
  "accumulation": {
    "sounds": [
      "Accumulation"
    ],
    "category": "record",
    "subtitle": "subtitles.record.word"
  },
  "acetaminophen": {
    "sounds": [
      "Acetaminophen"
    ],
    "category": "record",
    "subtitle": "subtitles.record.word"
  },
  "achromatophil": {
    "sounds": [
      "Achromatophil"
    ],
    "category": "record",
    "subtitle": "subtitles.record.word"
  },
  "acquiesce": {
    "sounds": [
      "Acquiesce"
    ],
    "category": "record",
    "subtitle": "subtitles.record.word"
  },
  "adrenocorticotropin": {
    "sounds": [
      "Adrenocorticotropin"
    ],
    "category": "record",
    "subtitle": "subtitles.record.word"
  },
  "adversity": {
    "sounds": [
      "Adversity"
    ],
    "category": "record",
    "subtitle": "subtitles.record.word"
  },
  "aegis": {
    "sounds": [
      "Aegis"
    ],
    "category": "record",
    "subtitle": "subtitles.record.word"
  },
  "aerodynamic": {
    "sounds": [
      "Aerodynamic"
    ],
    "category": "record",
    "subtitle": "subtitles.record.word"
  },
  "aforementioned": {
    "sounds": [
      "Aforementioned"
    ],
    "category": "record",
    "subtitle": "subtitles.record.word"
  },
  "agaric": {
    "sounds": [
      "Agaric"
    ],
    "category": "record",
    "subtitle": "subtitles.record.word"
  },
  "aggrandize": {
    "sounds": [
      "Aggrandize"
    ],
    "category": "record",
    "subtitle": "subtitles.record.word"
  },
  "agnostic": {
    "sounds": [
      "Agnostic"
    ],
    "category": "record",
    "subtitle": "subtitles.record.word"
  },
  "agoraphobia": {
    "sounds": [
      "Agoraphobia"
    ],
    "category": "record",
    "subtitle": "subtitles.record.word"
  },
  "agoraphobic": {
    "sounds": [
      "Agoraphobic"
    ],
    "category": "record",
    "subtitle": "subtitles.record.word"
  },
  "agriculture": {
    "sounds": [
      "Agriculture"
    ],
    "category": "record",
    "subtitle": "subtitles.record.word"
  },
  "akin": {
    "sounds": [
      "Akin"
    ],
    "category": "record",
    "subtitle": "subtitles.record.word"
  },
  "albeit": {
    "sounds": [
      "Albeit"
    ],
    "category": "record",
    "subtitle": "subtitles.record.word"
  },
  "alliance": {
    "sounds": [
      "Alliance"
    ],
    "category": "record",
    "subtitle": "subtitles.record.word"
  },
  "alphabet": {
    "sounds": [
      "Alphabet"
    ],
    "category": "record",
    "subtitle": "subtitles.record.word"
  },
  "ambidextrous": {
    "sounds": [
      "Ambidextrous"
    ],
    "category": "record",
    "subtitle": "subtitles.record.word"
  },
  "ambiguous": {
    "sounds": [
      "Ambiguous"
    ],
    "category": "record",
    "subtitle": "subtitles.record.word"
  },
  "anachronistic": {
    "sounds": [
      "Anachronistic"
    ],
    "category": "record",
    "subtitle": "subtitles.record.word"
  },
  "anaphylactic": {
    "sounds": [
      "Anaphylactic"
    ],
    "category": "record",
    "subtitle": "subtitles.record.word"
  },
  "anatomical": {
    "sounds": [
      "Anatomical"
    ],
    "category": "record",
    "subtitle": "subtitles.record.word"
  },
  "anemone": {
    "sounds": [
      "Anemone"
    ],
    "category": "record",
    "subtitle": "subtitles.record.word"
  },
  "angel": {
    "sounds": [
      "Angel"
    ],
    "category": "record",
    "subtitle": "subtitles.record.word"
  },
  "antediluvian": {
    "sounds": [
      "Antediluvian"
    ],
    "category": "record",
    "subtitle": "subtitles.record.word"
  },
  "anthropomorphization": {
    "sounds": [
      "Anthropomorphization"
    ],
    "category": "record",
    "subtitle": "subtitles.record.word"
  },
  "antidisestablishmentarianism": {
    "sounds": [
      "Antidisestablishmentarianism"
    ],
    "category": "record",
    "subtitle": "subtitles.record.word"
  },
  "antixerophthalmic": {
    "sounds": [
      "Antixerophthalmic"
    ],
    "category": "record",
    "subtitle": "subtitles.record.word"
  },
  "apocryphal": {
    "sounds": [
      "Apocryphal"
    ],
    "category": "record",
    "subtitle": "subtitles.record.word"
  },
  "apostrophe": {
    "sounds": [
      "Apostrophe"
    ],
    "category": "record",
    "subtitle": "subtitles.record.word"
  },
  "apothecary": {
    "sounds": [
      "Apothecary"
    ],
    "category": "record",
    "subtitle": "subtitles.record.word"
  },
  "appetite": {
    "sounds": [
      "Appetite"
    ],
    "category": "record",
    "subtitle": "subtitles.record.word"
  },
  "arthroereisis": {
    "sounds": [
      "Arthroereisis"
    ],
    "category": "record",
    "subtitle": "subtitles.record.word"
  },
  "articulate": {
    "sounds": [
      "Articulate"
    ],
    "category": "record",
    "subtitle": "subtitles.record.word"
  },
  "ash": {
    "sounds": [
      "Ash"
    ],
    "category": "record",
    "subtitle": "subtitles.record.word"
  },
  "asphyxiation": {
    "sounds": [
      "Asphyxiation"
    ],
    "category": "record",
    "subtitle": "subtitles.record.word"
  },
  "assumption": {
    "sounds": [
      "Assumption"
    ],
    "category": "record",
    "subtitle": "subtitles.record.word"
  },
  "asthma": {
    "sounds": [
      "Asthma"
    ],
    "category": "record",
    "subtitle": "subtitles.record.word"
  },
  "astigmatism": {
    "sounds": [
      "Astigmatism"
    ],
    "category": "record",
    "subtitle": "subtitles.record.word"
  },
  "asunder": {
    "sounds": [
      "Asunder"
    ],
    "category": "record",
    "subtitle": "subtitles.record.word"
  },
  "ataraxy": {
    "sounds": [
      "Ataraxy"
    ],
    "category": "record",
    "subtitle": "subtitles.record.word"
  },
  "atmospheric": {
    "sounds": [
      "Atmospheric"
    ],
    "category": "record",
    "subtitle": "subtitles.record.word"
  },
  "automatic": {
    "sounds": [
      "Automatic"
    ],
    "category": "record",
    "subtitle": "subtitles.record.word"
  },
  "autothaumaturgist": {
    "sounds": [
      "Autothaumaturgist"
    ],
    "category": "record",
    "subtitle": "subtitles.record.word"
  },
  "await": {
    "sounds": [
      "Await"
    ],
    "category": "record",
    "subtitle": "subtitles.record.word"
  },
  "baccalaureate": {
    "sounds": [
      "Baccalaureate"
    ],
    "category": "record",
    "subtitle": "subtitles.record.word"
  },
  "bamboo": {
    "sounds": [
      "Bamboo"
    ],
    "category": "record",
    "subtitle": "subtitles.record.word"
  },
  "bandeau": {
    "sounds": [
      "Bandeau"
    ],
    "category": "record",
    "subtitle": "subtitles.record.word"
  },
  "batrachophobia": {
    "sounds": [
      "Batrachophobia"
    ],
    "category": "record",
    "subtitle": "subtitles.record.word"
  },
  "bayonet": {
    "sounds": [
      "Bayonet"
    ],
    "category": "record",
    "subtitle": "subtitles.record.word"
  },
  "belvedere": {
    "sounds": [
      "Belvedere"
    ],
    "category": "record",
    "subtitle": "subtitles.record.word"
  },
  "beneficiary": {
    "sounds": [
      "Beneficiary"
    ],
    "category": "record",
    "subtitle": "subtitles.record.word"
  },
  "benevolence": {
    "sounds": [
      "Benevolence"
    ],
    "category": "record",
    "subtitle": "subtitles.record.word"
  },
  "betray": {
    "sounds": [
      "Betray"
    ],
    "category": "record",
    "subtitle": "subtitles.record.word"
  },
  "betwixt": {
    "sounds": [
      "Betwixt"
    ],
    "category": "record",
    "subtitle": "subtitles.record.word"
  },
  "bingo": {
    "sounds": [
      "Bingo"
    ],
    "category": "record",
    "subtitle": "subtitles.record.word"
  },
  "biography": {
    "sounds": [
      "Biography"
    ],
    "category": "record",
    "subtitle": "subtitles.record.word"
  },
  "bird": {
    "sounds": [
      "Bird"
    ],
    "category": "record",
    "subtitle": "subtitles.record.word"
  },
  "bizarre": {
    "sounds": [
      "Bizarre"
    ],
    "category": "record",
    "subtitle": "subtitles.record.word"
  },
  "black": {
    "sounds": [
      "Black"
    ],
    "category": "record",
    "subtitle": "subtitles.record.word"
  },
  "bodacious": {
    "sounds": [
      "Bodacious"
    ],
    "category": "record",
    "subtitle": "subtitles.record.word"
  },
  "bogolanfini": {
    "sounds": [
      "Bogolanfini"
    ],
    "category": "record",
    "subtitle": "subtitles.record.word"
  },
  "bomb": {
    "sounds": [
      "Bomb"
    ],
    "category": "record",
    "subtitle": "subtitles.record.word"
  },
  "book": {
    "sounds": [
      "Book"
    ],
    "category": "record",
    "subtitle": "subtitles.record.word"
  },
  "borborygmus": {
    "sounds": [
      "Borborygmus"
    ],
    "category": "record",
    "subtitle": "subtitles.record.word"
  },
  "bourgeoisie": {
    "sounds": [
      "Bourgeoisie"
    ],
    "category": "record",
    "subtitle": "subtitles.record.word"
  },
  "bourgeoisification": {
    "sounds": [
      "Bourgeoisification"
    ],
    "category": "record",
    "subtitle": "subtitles.record.word"
  },
  "brain": {
    "sounds": [
      "Brain"
    ],
    "category": "record",
    "subtitle": "subtitles.record.word"
  },
  "breakthrough": {
    "sounds": [
      "Breakthrough"
    ],
    "category": "record",
    "subtitle": "subtitles.record.word"
  },
  "broccoli": {
    "sounds": [
      "Broccoli"
    ],
    "category": "record",
    "subtitle": "subtitles.record.word"
  },
  "bronchitis": {
    "sounds": [
      "Bronchitis"
    ],
    "category": "record",
    "subtitle": "subtitles.record.word"
  },
  "brucellosis": {
    "sounds": [
      "Brucellosis"
    ],
    "category": "record",
    "subtitle": "subtitles.record.word"
  },
  "brusque": {
    "sounds": [
      "Brusque"
    ],
    "category": "record",
    "subtitle": "subtitles.record.word"
  },
  "bucolic": {
    "sounds": [
      "Bucolic"
    ],
    "category": "record",
    "subtitle": "subtitles.record.word"
  },
  "burger": {
    "sounds": [
      "Burger"
    ],
    "category": "record",
    "subtitle": "subtitles.record.word"
  },
  "burial": {
    "sounds": [
      "Burial"
    ],
    "category": "record",
    "subtitle": "subtitles.record.word"
  },
  "cabin": {
    "sounds": [
      "Cabin"
    ],
    "category": "record",
    "subtitle": "subtitles.record.word"
  },
  "cacophony": {
    "sounds": [
      "Cacophony"
    ],
    "category": "record",
    "subtitle": "subtitles.record.word"
  },
  "cake": {
    "sounds": [
      "Cake"
    ],
    "category": "record",
    "subtitle": "subtitles.record.word"
  },
  "calamitous": {
    "sounds": [
      "Calamitous"
    ],
    "category": "record",
    "subtitle": "subtitles.record.word"
  },
  "calibration": {
    "sounds": [
      "Calibration"
    ],
    "category": "record",
    "subtitle": "subtitles.record.word"
  },
  "calumny": {
    "sounds": [
      "Calumny"
    ],
    "category": "record",
    "subtitle": "subtitles.record.word"
  },
  "canaliculodacryocystorhinostomy": {
    "sounds": [
      "Canaliculodacryocystorhinostomy"
    ],
    "category": "record",
    "subtitle": "subtitles.record.word"
  },
  "capoeira": {
    "sounds": [
      "Capoeira"
    ],
    "category": "record",
    "subtitle": "subtitles.record.word"
  },
  "capricious": {
    "sounds": [
      "Capricious"
    ],
    "category": "record",
    "subtitle": "subtitles.record.word"
  },
  "car": {
    "sounds": [
      "Car"
    ],
    "category": "record",
    "subtitle": "subtitles.record.word"
  },
  "cat": {
    "sounds": [
      "Cat"
    ],
    "category": "record",
    "subtitle": "subtitles.record.word"
  },
  "caustic": {
    "sounds": [
      "Caustic"
    ],
    "category": "record",
    "subtitle": "subtitles.record.word"
  },
  "cerulean": {
    "sounds": [
      "Cerulean"
    ],
    "category": "record",
    "subtitle": "subtitles.record.word"
  },
  "champagne": {
    "sounds": [
      "Champagne"
    ],
    "category": "record",
    "subtitle": "subtitles.record.word"
  },
  "chargoggagoggmanchauggagoggchaubunagungamaugg": {
    "sounds": [
      "Chargoggagoggmanchauggagoggchaubunagungamaugg"
    ],
    "category": "record",
    "subtitle": "subtitles.record.word"
  },
  "charisma": {
    "sounds": [
      "Charisma"
    ],
    "category": "record",
    "subtitle": "subtitles.record.word"
  },
  "chauffeur": {
    "sounds": [
      "Chauffeur"
    ],
    "category": "record",
    "subtitle": "subtitles.record.word"
  },
  "chicken": {
    "sounds": [
      "Chicken"
    ],
    "category": "record",
    "subtitle": "subtitles.record.word"
  },
  "chlorophyll": {
    "sounds": [
      "Chlorophyll"
    ],
    "category": "record",
    "subtitle": "subtitles.record.word"
  },
  "cholangiopancreatography": {
    "sounds": [
      "Cholangiopancreatography"
    ],
    "category": "record",
    "subtitle": "subtitles.record.word"
  },
  "chronic": {
    "sounds": [
      "Chronic"
    ],
    "category": "record",
    "subtitle": "subtitles.record.word"
  },
  "chronological": {
    "sounds": [
      "Chronological"
    ],
    "category": "record",
    "subtitle": "subtitles.record.word"
  },
  "cinematographer": {
    "sounds": [
      "Cinematographer"
    ],
    "category": "record",
    "subtitle": "subtitles.record.word"
  },
  "circle": {
    "sounds": [
      "Circle"
    ],
    "category": "record",
    "subtitle": "subtitles.record.word"
  },
  "clandestine": {
    "sounds": [
      "Clandestine"
    ],
    "category": "record",
    "subtitle": "subtitles.record.word"
  },
  "clever": {
    "sounds": [
      "Clever"
    ],
    "category": "record",
    "subtitle": "subtitles.record.word"
  },
  "cliff": {
    "sounds": [
      "Cliff"
    ],
    "category": "record",
    "subtitle": "subtitles.record.word"
  },
  "clutch": {
    "sounds": [
      "Clutch"
    ],
    "category": "record",
    "subtitle": "subtitles.record.word"
  },
  "codicil": {
    "sounds": [
      "Codicil"
    ],
    "category": "record",
    "subtitle": "subtitles.record.word"
  },
  "cognitive": {
    "sounds": [
      "Cognitive"
    ],
    "category": "record",
    "subtitle": "subtitles.record.word"
  },
  "colloquialism": {
    "sounds": [
      "Colloquialism"
    ],
    "category": "record",
    "subtitle": "subtitles.record.word"
  },
  "combustible": {
    "sounds": [
      "Combustible"
    ],
    "category": "record",
    "subtitle": "subtitles.record.word"
  },
  "comeuppance": {
    "sounds": [
      "Comeuppance"
    ],
    "category": "record",
    "subtitle": "subtitles.record.word"
  },
  "commodity": {
    "sounds": [
      "Commodity"
    ],
    "category": "record",
    "subtitle": "subtitles.record.word"
  },
  "commodore": {
    "sounds": [
      "Commodore"
    ],
    "category": "record",
    "subtitle": "subtitles.record.word"
  },
  "compartmentalization": {
    "sounds": [
      "Compartmentalization"
    ],
    "category": "record",
    "subtitle": "subtitles.record.word"
  },
  "comply": {
    "sounds": [
      "Comply"
    ],
    "category": "record",
    "subtitle": "subtitles.record.word"
  },
  "compunction": {
    "sounds": [
      "Compunction"
    ],
    "category": "record",
    "subtitle": "subtitles.record.word"
  },
  "concentration": {
    "sounds": [
      "Concentration"
    ],
    "category": "record",
    "subtitle": "subtitles.record.word"
  },
  "congratulate": {
    "sounds": [
      "Congratulate"
    ],
    "category": "record",
    "subtitle": "subtitles.record.word"
  },
  "consanguine": {
    "sounds": [
      "Consanguine"
    ],
    "category": "record",
    "subtitle": "subtitles.record.word"
  },
  "consumption": {
    "sounds": [
      "Consumption"
    ],
    "category": "record",
    "subtitle": "subtitles.record.word"
  },
  "contradistinguish": {
    "sounds": [
      "Contradistinguish"
    ],
    "category": "record",
    "subtitle": "subtitles.record.word"
  },
  "controversial": {
    "sounds": [
      "Controversial"
    ],
    "category": "record",
    "subtitle": "subtitles.record.word"
  },
  "convey": {
    "sounds": [
      "Convey"
    ],
    "category": "record",
    "subtitle": "subtitles.record.word"
  },
  "convolvulaceous": {
    "sounds": [
      "Convolvulaceous"
    ],
    "category": "record",
    "subtitle": "subtitles.record.word"
  },
  "cooking": {
    "sounds": [
      "Cooking"
    ],
    "category": "record",
    "subtitle": "subtitles.record.word"
  },
  "cool": {
    "sounds": [
      "Cool"
    ],
    "category": "record",
    "subtitle": "subtitles.record.word"
  },
  "correspondence": {
    "sounds": [
      "Correspondence"
    ],
    "category": "record",
    "subtitle": "subtitles.record.word"
  },
  "corticopontocerebellar": {
    "sounds": [
      "Corticopontocerebellar"
    ],
    "category": "record",
    "subtitle": "subtitles.record.word"
  },
  "counterimmunoelectrophoresis": {
    "sounds": [
      "Counterimmunoelectrophoresis"
    ],
    "category": "record",
    "subtitle": "subtitles.record.word"
  },
  "counterintuitive": {
    "sounds": [
      "Counterintuitive"
    ],
    "category": "record",
    "subtitle": "subtitles.record.word"
  },
  "countermajoritarianism": {
    "sounds": [
      "Countermajoritarianism"
    ],
    "category": "record",
    "subtitle": "subtitles.record.word"
  },
  "crowd": {
    "sounds": [
      "Crowd"
    ],
    "category": "record",
    "subtitle": "subtitles.record.word"
  },
  "cuisine": {
    "sounds": [
      "Cuisine"
    ],
    "category": "record",
    "subtitle": "subtitles.record.word"
  },
  "culvert": {
    "sounds": [
      "Culvert"
    ],
    "category": "record",
    "subtitle": "subtitles.record.word"
  },
  "curious": {
    "sounds": [
      "Curious"
    ],
    "category": "record",
    "subtitle": "subtitles.record.word"
  },
  "cyrillic": {
    "sounds": [
      "Cyrillic"
    ],
    "category": "record",
    "subtitle": "subtitles.record.word"
  },
  "dad": {
    "sounds": [
      "Dad"
    ],
    "category": "record",
    "subtitle": "subtitles.record.word"
  },
  "dairy": {
    "sounds": [
      "Dairy"
    ],
    "category": "record",
    "subtitle": "subtitles.record.word"
  },
  "dauntless": {
    "sounds": [
      "Dauntless"
    ],
    "category": "record",
    "subtitle": "subtitles.record.word"
  },
  "debris": {
    "sounds": [
      "Debris"
    ],
    "category": "record",
    "subtitle": "subtitles.record.word"
  },
  "defenestration": {
    "sounds": [
      "Defenestration"
    ],
    "category": "record",
    "subtitle": "subtitles.record.word"
  },
  "defy": {
    "sounds": [
      "Defy"
    ],
    "category": "record",
    "subtitle": "subtitles.record.word"
  },
  "dehydrothiotoluidine": {
    "sounds": [
      "Dehydrothiotoluidine"
    ],
    "category": "record",
    "subtitle": "subtitles.record.word"
  },
  "deleterious": {
    "sounds": [
      "Deleterious"
    ],
    "category": "record",
    "subtitle": "subtitles.record.word"
  },
  "demon": {
    "sounds": [
      "Demon"
    ],
    "category": "record",
    "subtitle": "subtitles.record.word"
  },
  "dendrochronology": {
    "sounds": [
      "Dendrochronology"
    ],
    "category": "record",
    "subtitle": "subtitles.record.word"
  },
  "deoxyribonucleic": {
    "sounds": [
      "Deoxyribonucleic"
    ],
    "category": "record",
    "subtitle": "subtitles.record.word"
  },
  "depilatory": {
    "sounds": [
      "Depilatory"
    ],
    "category": "record",
    "subtitle": "subtitles.record.word"
  },
  "deployment": {
    "sounds": [
      "Deployment"
    ],
    "category": "record",
    "subtitle": "subtitles.record.word"
  },
  "derogatory": {
    "sounds": [
      "Derogatory"
    ],
    "category": "record",
    "subtitle": "subtitles.record.word"
  },
  "detrimental": {
    "sounds": [
      "Detrimental"
    ],
    "category": "record",
    "subtitle": "subtitles.record.word"
  },
  "dextrodeorsumversion": {
    "sounds": [
      "Dextrodeorsumversion"
    ],
    "category": "record",
    "subtitle": "subtitles.record.word"
  },
  "dichotomization": {
    "sounds": [
      "Dichotomization"
    ],
    "category": "record",
    "subtitle": "subtitles.record.word"
  },
  "diesel": {
    "sounds": [
      "Diesel"
    ],
    "category": "record",
    "subtitle": "subtitles.record.word"
  },
  "dilate": {
    "sounds": [
      "Dilate"
    ],
    "category": "record",
    "subtitle": "subtitles.record.word"
  },
  "discombobulate": {
    "sounds": [
      "Discombobulate"
    ],
    "category": "record",
    "subtitle": "subtitles.record.word"
  },
  "doctrine": {
    "sounds": [
      "Doctrine"
    ],
    "category": "record",
    "subtitle": "subtitles.record.word"
  },
  "dodecahedron": {
    "sounds": [
      "Dodecahedron"
    ],
    "category": "record",
    "subtitle": "subtitles.record.word"
  },
  "dog": {
    "sounds": [
      "Dog"
    ],
    "category": "record",
    "subtitle": "subtitles.record.word"
  },
  "dolphin": {
    "sounds": [
      "Dolphin"
    ],
    "category": "record",
    "subtitle": "subtitles.record.word"
  },
  "duck": {
    "sounds": [
      "Duck"
    ],
    "category": "record",
    "subtitle": "subtitles.record.word"
  },
  "echo": {
    "sounds": [
      "Echo"
    ],
    "category": "record",
    "subtitle": "subtitles.record.word"
  },
  "elaborate": {
    "sounds": [
      "Elaborate"
    ],
    "category": "record",
    "subtitle": "subtitles.record.word"
  },
  "electrotelethermometer": {
    "sounds": [
      "Electrotelethermometer"
    ],
    "category": "record",
    "subtitle": "subtitles.record.word"
  },
  "eloquent": {
    "sounds": [
      "Eloquent"
    ],
    "category": "record",
    "subtitle": "subtitles.record.word"
  },
  "embarrassment": {
    "sounds": [
      "Embarrassment"
    ],
    "category": "record",
    "subtitle": "subtitles.record.word"
  },
  "embassy": {
    "sounds": [
      "Embassy"
    ],
    "category": "record",
    "subtitle": "subtitles.record.word"
  },
  "emoji": {
    "sounds": [
      "Emoji"
    ],
    "category": "record",
    "subtitle": "subtitles.record.word"
  },
  "enact": {
    "sounds": [
      "Enact"
    ],
    "category": "record",
    "subtitle": "subtitles.record.word"
  },
  "enchantment": {
    "sounds": [
      "Enchantment"
    ],
    "category": "record",
    "subtitle": "subtitles.record.word"
  },
  "encore": {
    "sounds": [
      "Encore"
    ],
    "category": "record",
    "subtitle": "subtitles.record.word"
  },
  "entrepreneur": {
    "sounds": [
      "Entrepreneur"
    ],
    "category": "record",
    "subtitle": "subtitles.record.word"
  },
  "epiphany": {
    "sounds": [
      "Epiphany"
    ],
    "category": "record",
    "subtitle": "subtitles.record.word"
  },
  "epsilon": {
    "sounds": [
      "Epsilon"
    ],
    "category": "record",
    "subtitle": "subtitles.record.word"
  },
  "erratic": {
    "sounds": [
      "Erratic"
    ],
    "category": "record",
    "subtitle": "subtitles.record.word"
  },
  "erupt": {
    "sounds": [
      "Erupt"
    ],
    "category": "record",
    "subtitle": "subtitles.record.word"
  },
  "erythrocytapheresis": {
    "sounds": [
      "Erythrocytapheresis"
    ],
    "category": "record",
    "subtitle": "subtitles.record.word"
  },
  "ethnomethodology": {
    "sounds": [
      "Ethnomethodology"
    ],
    "category": "record",
    "subtitle": "subtitles.record.word"
  },
  "euphoria": {
    "sounds": [
      "Euphoria"
    ],
    "category": "record",
    "subtitle": "subtitles.record.word"
  },
  "exaggerate": {
    "sounds": [
      "Exaggerate"
    ],
    "category": "record",
    "subtitle": "subtitles.record.word"
  },
  "excalibur": {
    "sounds": [
      "Excalibur"
    ],
    "category": "record",
    "subtitle": "subtitles.record.word"
  },
  "excellent": {
    "sounds": [
      "Excellent"
    ],
    "category": "record",
    "subtitle": "subtitles.record.word"
  },
  "exert": {
    "sounds": [
      "Exert"
    ],
    "category": "record",
    "subtitle": "subtitles.record.word"
  },
  "exile": {
    "sounds": [
      "Exile"
    ],
    "category": "record",
    "subtitle": "subtitles.record.word"
  },
  "expenditure": {
    "sounds": [
      "Expenditure"
    ],
    "category": "record",
    "subtitle": "subtitles.record.word"
  },
  "extraterrestrial": {
    "sounds": [
      "Extraterrestrial"
    ],
    "category": "record",
    "subtitle": "subtitles.record.word"
  },
  "extravagant": {
    "sounds": [
      "Extravagant"
    ],
    "category": "record",
    "subtitle": "subtitles.record.word"
  },
  "facsimile": {
    "sounds": [
      "Facsimile"
    ],
    "category": "record",
    "subtitle": "subtitles.record.word"
  },
  "familiar": {
    "sounds": [
      "Familiar"
    ],
    "category": "record",
    "subtitle": "subtitles.record.word"
  },
  "fastidious": {
    "sounds": [
      "Fastidious"
    ],
    "category": "record",
    "subtitle": "subtitles.record.word"
  },
  "favorable": {
    "sounds": [
      "Favorable"
    ],
    "category": "record",
    "subtitle": "subtitles.record.word"
  },
  "ferriprotoporphyrin": {
    "sounds": [
      "Ferriprotoporphyrin"
    ],
    "category": "record",
    "subtitle": "subtitles.record.word"
  },
  "film": {
    "sounds": [
      "Film"
    ],
    "category": "record",
    "subtitle": "subtitles.record.word"
  },
  "filter": {
    "sounds": [
      "Filter"
    ],
    "category": "record",
    "subtitle": "subtitles.record.word"
  },
  "firefighter": {
    "sounds": [
      "Firefighter"
    ],
    "category": "record",
    "subtitle": "subtitles.record.word"
  },
  "fish": {
    "sounds": [
      "Fish"
    ],
    "category": "record",
    "subtitle": "subtitles.record.word"
  },
  "fissiparous": {
    "sounds": [
      "Fissiparous"
    ],
    "category": "record",
    "subtitle": "subtitles.record.word"
  },
  "fjord": {
    "sounds": [
      "Fjord"
    ],
    "category": "record",
    "subtitle": "subtitles.record.word"
  },
  "flibbertigibbet": {
    "sounds": [
      "Flibbertigibbet"
    ],
    "category": "record",
    "subtitle": "subtitles.record.word"
  },
  "floccinaucinihilipilification": {
    "sounds": [
      "Floccinaucinihilipilification"
    ],
    "category": "record",
    "subtitle": "subtitles.record.word"
  },
  "fluorescent": {
    "sounds": [
      "Fluorescent"
    ],
    "category": "record",
    "subtitle": "subtitles.record.word"
  },
  "foggy": {
    "sounds": [
      "Foggy"
    ],
    "category": "record",
    "subtitle": "subtitles.record.word"
  },
  "forbid": {
    "sounds": [
      "Forbid"
    ],
    "category": "record",
    "subtitle": "subtitles.record.word"
  },
  "formidable": {
    "sounds": [
      "Formidable"
    ],
    "category": "record",
    "subtitle": "subtitles.record.word"
  },
  "forthcoming": {
    "sounds": [
      "Forthcoming"
    ],
    "category": "record",
    "subtitle": "subtitles.record.word"
  },
  "fossiliferous": {
    "sounds": [
      "Fossiliferous"
    ],
    "category": "record",
    "subtitle": "subtitles.record.word"
  },
  "frolic": {
    "sounds": [
      "Frolic"
    ],
    "category": "record",
    "subtitle": "subtitles.record.word"
  },
  "fuchsia": {
    "sounds": [
      "Fuchsia"
    ],
    "category": "record",
    "subtitle": "subtitles.record.word"
  },
  "furious": {
    "sounds": [
      "Furious"
    ],
    "category": "record",
    "subtitle": "subtitles.record.word"
  },
  "gallant": {
    "sounds": [
      "Gallant"
    ],
    "category": "record",
    "subtitle": "subtitles.record.word"
  },
  "gastroenterologist": {
    "sounds": [
      "Gastroenterologist"
    ],
    "category": "record",
    "subtitle": "subtitles.record.word"
  },
  "gastronomic": {
    "sounds": [
      "Gastronomic"
    ],
    "category": "record",
    "subtitle": "subtitles.record.word"
  },
  "gazebo": {
    "sounds": [
      "Gazebo"
    ],
    "category": "record",
    "subtitle": "subtitles.record.word"
  },
  "gegenstandstheorie": {
    "sounds": [
      "Gegenstandstheorie"
    ],
    "category": "record",
    "subtitle": "subtitles.record.word"
  },
  "geitonogamy": {
    "sounds": [
      "Geitonogamy"
    ],
    "category": "record",
    "subtitle": "subtitles.record.word"
  },
  "gender": {
    "sounds": [
      "Gender"
    ],
    "category": "record",
    "subtitle": "subtitles.record.word"
  },
  "gentrification": {
    "sounds": [
      "Gentrification"
    ],
    "category": "record",
    "subtitle": "subtitles.record.word"
  },
  "giant": {
    "sounds": [
      "Giant"
    ],
    "category": "record",
    "subtitle": "subtitles.record.word"
  },
  "gibberish": {
    "sounds": [
      "Gibberish"
    ],
    "category": "record",
    "subtitle": "subtitles.record.word"
  },
  "glaucomatous": {
    "sounds": [
      "Glaucomatous"
    ],
    "category": "record",
    "subtitle": "subtitles.record.word"
  },
  "glockenspiel": {
    "sounds": [
      "Glockenspiel"
    ],
    "category": "record",
    "subtitle": "subtitles.record.word"
  },
  "glyceraldehyde": {
    "sounds": [
      "Glyceraldehyde"
    ],
    "category": "record",
    "subtitle": "subtitles.record.word"
  },
  "gold": {
    "sounds": [
      "Gold"
    ],
    "category": "record",
    "subtitle": "subtitles.record.word"
  },
  "gradual": {
    "sounds": [
      "Gradual"
    ],
    "category": "record",
    "subtitle": "subtitles.record.word"
  },
  "greedy": {
    "sounds": [
      "Greedy"
    ],
    "category": "record",
    "subtitle": "subtitles.record.word"
  },
  "green": {
    "sounds": [
      "Green"
    ],
    "category": "record",
    "subtitle": "subtitles.record.word"
  },
  "grub": {
    "sounds": [
      "Grub"
    ],
    "category": "record",
    "subtitle": "subtitles.record.word"
  },
  "gubernatorial": {
    "sounds": [
      "Gubernatorial"
    ],
    "category": "record",
    "subtitle": "subtitles.record.word"
  },
  "guideline": {
    "sounds": [
      "Guideline"
    ],
    "category": "record",
    "subtitle": "subtitles.record.word"
  },
  "handkerchief": {
    "sounds": [
      "Handkerchief"
    ],
    "category": "record",
    "subtitle": "subtitles.record.word"
  },
  "harbor": {
    "sounds": [
      "Harbor"
    ],
    "category": "record",
    "subtitle": "subtitles.record.word"
  },
  "harpsichord": {
    "sounds": [
      "Harpsichord"
    ],
    "category": "record",
    "subtitle": "subtitles.record.word"
  },
  "hemispherectomy": {
    "sounds": [
      "Hemispherectomy"
    ],
    "category": "record",
    "subtitle": "subtitles.record.word"
  },
  "heresy": {
    "sounds": [
      "Heresy"
    ],
    "category": "record",
    "subtitle": "subtitles.record.word"
  },
  "heterozygous": {
    "sounds": [
      "Heterozygous"
    ],
    "category": "record",
    "subtitle": "subtitles.record.word"
  },
  "hexagonal": {
    "sounds": [
      "Hexagonal"
    ],
    "category": "record",
    "subtitle": "subtitles.record.word"
  },
  "hexakosioihexekontahexaphobia": {
    "sounds": [
      "Hexakosioihexekontahexaphobia"
    ],
    "category": "record",
    "subtitle": "subtitles.record.word"
  },
  "hierarchy": {
    "sounds": [
      "Hierarchy"
    ],
    "category": "record",
    "subtitle": "subtitles.record.word"
  },
  "hieroglyphics": {
    "sounds": [
      "Hieroglyphics"
    ],
    "category": "record",
    "subtitle": "subtitles.record.word"
  },
  "hippopotomonstrosesquippedaliophobia": {
    "sounds": [
      "Hippopotomonstrosesquippedaliophobia"
    ],
    "category": "record",
    "subtitle": "subtitles.record.word"
  },
  "homeopathy": {
    "sounds": [
      "Homeopathy"
    ],
    "category": "record",
    "subtitle": "subtitles.record.word"
  },
  "homogeneous": {
    "sounds": [
      "Homogeneous"
    ],
    "category": "record",
    "subtitle": "subtitles.record.word"
  },
  "honorificabilitudinity": {
    "sounds": [
      "Honorificabilitudinity"
    ],
    "category": "record",
    "subtitle": "subtitles.record.word"
  },
  "hornswoggle": {
    "sounds": [
      "Hornswoggle"
    ],
    "category": "record",
    "subtitle": "subtitles.record.word"
  },
  "hotel": {
    "sounds": [
      "Hotel"
    ],
    "category": "record",
    "subtitle": "subtitles.record.word"
  },
  "hourglass": {
    "sounds": [
      "Hourglass"
    ],
    "category": "record",
    "subtitle": "subtitles.record.word"
  },
  "house": {
    "sounds": [
      "House"
    ],
    "category": "record",
    "subtitle": "subtitles.record.word"
  },
  "human": {
    "sounds": [
      "Human"
    ],
    "category": "record",
    "subtitle": "subtitles.record.word"
  },
  "humanitarian": {
    "sounds": [
      "Humanitarian"
    ],
    "category": "record",
    "subtitle": "subtitles.record.word"
  },
  "hungry": {
    "sounds": [
      "Hungry"
    ],
    "category": "record",
    "subtitle": "subtitles.record.word"
  },
  "hypoparathyroidism": {
    "sounds": [
      "Hypoparathyroidism"
    ],
    "category": "record",
    "subtitle": "subtitles.record.word"
  },
  "iconoclast": {
    "sounds": [
      "Iconoclast"
    ],
    "category": "record",
    "subtitle": "subtitles.record.word"
  },
  "ideological": {
    "sounds": [
      "Ideological"
    ],
    "category": "record",
    "subtitle": "subtitles.record.word"
  },
  "idiom": {
    "sounds": [
      "Idiom"
    ],
    "category": "record",
    "subtitle": "subtitles.record.word"
  },
  "imminent": {
    "sounds": [
      "Imminent"
    ],
    "category": "record",
    "subtitle": "subtitles.record.word"
  },
  "imprisonment": {
    "sounds": [
      "Imprisonment"
    ],
    "category": "record",
    "subtitle": "subtitles.record.word"
  },
  "inchoate": {
    "sounds": [
      "Inchoate"
    ],
    "category": "record",
    "subtitle": "subtitles.record.word"
  },
  "incomprehensibility": {
    "sounds": [
      "Incomprehensibility"
    ],
    "category": "record",
    "subtitle": "subtitles.record.word"
  },
  "indefatigable": {
    "sounds": [
      "Indefatigable"
    ],
    "category": "record",
    "subtitle": "subtitles.record.word"
  },
  "independence": {
    "sounds": [
      "Independence"
    ],
    "category": "record",
    "subtitle": "subtitles.record.word"
  },
  "indifference": {
    "sounds": [
      "Indifference"
    ],
    "category": "record",
    "subtitle": "subtitles.record.word"
  },
  "infinitesimal": {
    "sounds": [
      "Infinitesimal"
    ],
    "category": "record",
    "subtitle": "subtitles.record.word"
  },
  "infundibulum": {
    "sounds": [
      "Infundibulum"
    ],
    "category": "record",
    "subtitle": "subtitles.record.word"
  },
  "ingenious": {
    "sounds": [
      "Ingenious"
    ],
    "category": "record",
    "subtitle": "subtitles.record.word"
  },
  "ink": {
    "sounds": [
      "Ink"
    ],
    "category": "record",
    "subtitle": "subtitles.record.word"
  },
  "institutionalization": {
    "sounds": [
      "Institutionalization"
    ],
    "category": "record",
    "subtitle": "subtitles.record.word"
  },
  "integrity": {
    "sounds": [
      "Integrity"
    ],
    "category": "record",
    "subtitle": "subtitles.record.word"
  },
  "intent": {
    "sounds": [
      "Intent"
    ],
    "category": "record",
    "subtitle": "subtitles.record.word"
  },
  "intermediate": {
    "sounds": [
      "Intermediate"
    ],
    "category": "record",
    "subtitle": "subtitles.record.word"
  },
  "intermission": {
    "sounds": [
      "Intermission"
    ],
    "category": "record",
    "subtitle": "subtitles.record.word"
  },
  "iron": {
    "sounds": [
      "Iron"
    ],
    "category": "record",
    "subtitle": "subtitles.record.word"
  },
  "irony": {
    "sounds": [
      "Irony"
    ],
    "category": "record",
    "subtitle": "subtitles.record.word"
  },
  "isometropia": {
    "sounds": [
      "Isometropia"
    ],
    "category": "record",
    "subtitle": "subtitles.record.word"
  },
  "isthmus": {
    "sounds": [
      "Isthmus"
    ],
    "category": "record",
    "subtitle": "subtitles.record.word"
  },
  "jurisprudence": {
    "sounds": [
      "Jurisprudence"
    ],
    "category": "record",
    "subtitle": "subtitles.record.word"
  },
  "juxtaposition": {
    "sounds": [
      "Juxtaposition"
    ],
    "category": "record",
    "subtitle": "subtitles.record.word"
  },
  "kaleidoscope": {
    "sounds": [
      "Kaleidoscope"
    ],
    "category": "record",
    "subtitle": "subtitles.record.word"
  },
  "kangaroo": {
    "sounds": [
      "Kangaroo"
    ],
    "category": "record",
    "subtitle": "subtitles.record.word"
  },
  "kiss": {
    "sounds": [
      "Kiss"
    ],
    "category": "record",
    "subtitle": "subtitles.record.word"
  },
  "lactose": {
    "sounds": [
      "Lactose"
    ],
    "category": "record",
    "subtitle": "subtitles.record.word"
  },
  "languid": {
    "sounds": [
      "Languid"
    ],
    "category": "record",
    "subtitle": "subtitles.record.word"
  },
  "laryngotracheobronchitis": {
    "sounds": [
      "Laryngotracheobronchitis"
    ],
    "category": "record",
    "subtitle": "subtitles.record.word"
  },
  "lather": {
    "sounds": [
      "Lather"
    ],
    "category": "record",
    "subtitle": "subtitles.record.word"
  },
  "legendary": {
    "sounds": [
      "Legendary"
    ],
    "category": "record",
    "subtitle": "subtitles.record.word"
  },
  "legislation": {
    "sounds": [
      "Legislation"
    ],
    "category": "record",
    "subtitle": "subtitles.record.word"
  },
  "length": {
    "sounds": [
      "Length"
    ],
    "category": "record",
    "subtitle": "subtitles.record.word"
  },
  "lepidopterology": {
    "sounds": [
      "Lepidopterology"
    ],
    "category": "record",
    "subtitle": "subtitles.record.word"
  },
  "lexicography": {
    "sounds": [
      "Lexicography"
    ],
    "category": "record",
    "subtitle": "subtitles.record.word"
  },
  "liable": {
    "sounds": [
      "Liable"
    ],
    "category": "record",
    "subtitle": "subtitles.record.word"
  },
  "liaison": {
    "sounds": [
      "Liaison"
    ],
    "category": "record",
    "subtitle": "subtitles.record.word"
  },
  "lightning": {
    "sounds": [
      "Lightning"
    ],
    "category": "record",
    "subtitle": "subtitles.record.word"
  },
  "limousine": {
    "sounds": [
      "Limousine"
    ],
    "category": "record",
    "subtitle": "subtitles.record.word"
  },
  "livery": {
    "sounds": [
      "Livery"
    ],
    "category": "record",
    "subtitle": "subtitles.record.word"
  },
  "macabre": {
    "sounds": [
      "Macabre"
    ],
    "category": "record",
    "subtitle": "subtitles.record.word"
  },
  "machiavellian": {
    "sounds": [
      "Machiavellian"
    ],
    "category": "record",
    "subtitle": "subtitles.record.word"
  },
  "magnificent": {
    "sounds": [
      "Magnificent"
    ],
    "category": "record",
    "subtitle": "subtitles.record.word"
  },
  "malapropism": {
    "sounds": [
      "Malapropism"
    ],
    "category": "record",
    "subtitle": "subtitles.record.word"
  },
  "margin": {
    "sounds": [
      "Margin"
    ],
    "category": "record",
    "subtitle": "subtitles.record.word"
  },
  "martyrdom": {
    "sounds": [
      "Martyrdom"
    ],
    "category": "record",
    "subtitle": "subtitles.record.word"
  },
  "mathematician": {
    "sounds": [
      "Mathematician"
    ],
    "category": "record",
    "subtitle": "subtitles.record.word"
  },
  "mechanotransduction": {
    "sounds": [
      "Mechanotransduction"
    ],
    "category": "record",
    "subtitle": "subtitles.record.word"
  },
  "meditate": {
    "sounds": [
      "Meditate"
    ],
    "category": "record",
    "subtitle": "subtitles.record.word"
  },
  "melancholy": {
    "sounds": [
      "Melancholy"
    ],
    "category": "record",
    "subtitle": "subtitles.record.word"
  },
  "mellifluous": {
    "sounds": [
      "Mellifluous"
    ],
    "category": "record",
    "subtitle": "subtitles.record.word"
  },
  "menagerie": {
    "sounds": [
      "Menagerie"
    ],
    "category": "record",
    "subtitle": "subtitles.record.word"
  },
  "methodology": {
    "sounds": [
      "Methodology"
    ],
    "category": "record",
    "subtitle": "subtitles.record.word"
  },
  "metonymic": {
    "sounds": [
      "Metonymic"
    ],
    "category": "record",
    "subtitle": "subtitles.record.word"
  },
  "microorganism": {
    "sounds": [
      "Microorganism"
    ],
    "category": "record",
    "subtitle": "subtitles.record.word"
  },
  "milieu": {
    "sounds": [
      "Milieu"
    ],
    "category": "record",
    "subtitle": "subtitles.record.word"
  },
  "milk": {
    "sounds": [
      "Milk"
    ],
    "category": "record",
    "subtitle": "subtitles.record.word"
  },
  "miscellaneous": {
    "sounds": [
      "Miscellaneous"
    ],
    "category": "record",
    "subtitle": "subtitles.record.word"
  },
  "misconception": {
    "sounds": [
      "Misconception"
    ],
    "category": "record",
    "subtitle": "subtitles.record.word"
  },
  "mix": {
    "sounds": [
      "Mix"
    ],
    "category": "record",
    "subtitle": "subtitles.record.word"
  },
  "mom": {
    "sounds": [
      "Mom"
    ],
    "category": "record",
    "subtitle": "subtitles.record.word"
  },
  "monk": {
    "sounds": [
      "Monk"
    ],
    "category": "record",
    "subtitle": "subtitles.record.word"
  },
  "monochromatic": {
    "sounds": [
      "Monochromatic"
    ],
    "category": "record",
    "subtitle": "subtitles.record.word"
  },
  "monosyllabic": {
    "sounds": [
      "Monosyllabic"
    ],
    "category": "record",
    "subtitle": "subtitles.record.word"
  },
  "moon": {
    "sounds": [
      "Moon"
    ],
    "category": "record",
    "subtitle": "subtitles.record.word"
  },
  "municipal": {
    "sounds": [
      "Municipal"
    ],
    "category": "record",
    "subtitle": "subtitles.record.word"
  },
  "myopic": {
    "sounds": [
      "Myopic"
    ],
    "category": "record",
    "subtitle": "subtitles.record.word"
  },
  "myriad": {
    "sounds": [
      "Myriad"
    ],
    "category": "record",
    "subtitle": "subtitles.record.word"
  },
  "narcissistic": {
    "sounds": [
      "Narcissistic"
    ],
    "category": "record",
    "subtitle": "subtitles.record.word"
  },
  "nauseous": {
    "sounds": [
      "Nauseous"
    ],
    "category": "record",
    "subtitle": "subtitles.record.word"
  },
  "necromancer": {
    "sounds": [
      "Necromancer"
    ],
    "category": "record",
    "subtitle": "subtitles.record.word"
  },
  "negotiation": {
    "sounds": [
      "Negotiation"
    ],
    "category": "record",
    "subtitle": "subtitles.record.word"
  },
  "neuroplasticity": {
    "sounds": [
      "Neuroplasticity"
    ],
    "category": "record",
    "subtitle": "subtitles.record.word"
  },
  "neuropsychological": {
    "sounds": [
      "Neuropsychological"
    ],
    "category": "record",
    "subtitle": "subtitles.record.word"
  },
  "nomenclature": {
    "sounds": [
      "Nomenclature"
    ],
    "category": "record",
    "subtitle": "subtitles.record.word"
  },
  "nonplussed": {
    "sounds": [
      "Nonplussed"
    ],
    "category": "record",
    "subtitle": "subtitles.record.word"
  },
  "normal": {
    "sounds": [
      "Normal"
    ],
    "category": "record",
    "subtitle": "subtitles.record.word"
  },
  "notorious": {
    "sounds": [
      "Notorious"
    ],
    "category": "record",
    "subtitle": "subtitles.record.word"
  },
  "oasis": {
    "sounds": [
      "Oasis"
    ],
    "category": "record",
    "subtitle": "subtitles.record.word"
  },
  "obesity": {
    "sounds": [
      "Obesity"
    ],
    "category": "record",
    "subtitle": "subtitles.record.word"
  },
  "obfuscation": {
    "sounds": [
      "Obfuscation"
    ],
    "category": "record",
    "subtitle": "subtitles.record.word"
  },
  "obituary": {
    "sounds": [
      "Obituary"
    ],
    "category": "record",
    "subtitle": "subtitles.record.word"
  },
  "oblivious": {
    "sounds": [
      "Oblivious"
    ],
    "category": "record",
    "subtitle": "subtitles.record.word"
  },
  "offender": {
    "sounds": [
      "Offender"
    ],
    "category": "record",
    "subtitle": "subtitles.record.word"
  },
  "oligonucleotide": {
    "sounds": [
      "Oligonucleotide"
    ],
    "category": "record",
    "subtitle": "subtitles.record.word"
  },
  "onomatopoeia": {
    "sounds": [
      "Onomatopoeia"
    ],
    "category": "record",
    "subtitle": "subtitles.record.word"
  },
  "opaque": {
    "sounds": [
      "Opaque"
    ],
    "category": "record",
    "subtitle": "subtitles.record.word"
  },
  "optimism": {
    "sounds": [
      "Optimism"
    ],
    "category": "record",
    "subtitle": "subtitles.record.word"
  },
  "orange": {
    "sounds": [
      "Orange"
    ],
    "category": "record",
    "subtitle": "subtitles.record.word"
  },
  "orthogeosyncline": {
    "sounds": [
      "Orthogeosyncline"
    ],
    "category": "record",
    "subtitle": "subtitles.record.word"
  },
  "otorhinolaryngological": {
    "sounds": [
      "Otorhinolaryngological"
    ],
    "category": "record",
    "subtitle": "subtitles.record.word"
  },
  "palatine": {
    "sounds": [
      "Palatine"
    ],
    "category": "record",
    "subtitle": "subtitles.record.word"
  },
  "pantograph": {
    "sounds": [
      "Pantograph"
    ],
    "category": "record",
    "subtitle": "subtitles.record.word"
  },
  "paradigm": {
    "sounds": [
      "Paradigm"
    ],
    "category": "record",
    "subtitle": "subtitles.record.word"
  },
  "paradox": {
    "sounds": [
      "Paradox"
    ],
    "category": "record",
    "subtitle": "subtitles.record.word"
  },
  "parallel": {
    "sounds": [
      "Parallel"
    ],
    "category": "record",
    "subtitle": "subtitles.record.word"
  },
  "parallelogrammatic": {
    "sounds": [
      "Parallelogrammatic"
    ],
    "category": "record",
    "subtitle": "subtitles.record.word"
  },
  "paraphernalia": {
    "sounds": [
      "Paraphernalia"
    ],
    "category": "record",
    "subtitle": "subtitles.record.word"
  },
  "parliamentary": {
    "sounds": [
      "Parliamentary"
    ],
    "category": "record",
    "subtitle": "subtitles.record.word"
  },
  "paroxysm": {
    "sounds": [
      "Paroxysm"
    ],
    "category": "record",
    "subtitle": "subtitles.record.word"
  },
  "participation": {
    "sounds": [
      "Participation"
    ],
    "category": "record",
    "subtitle": "subtitles.record.word"
  },
  "passionate": {
    "sounds": [
      "Passionate"
    ],
    "category": "record",
    "subtitle": "subtitles.record.word"
  },
  "password": {
    "sounds": [
      "Password"
    ],
    "category": "record",
    "subtitle": "subtitles.record.word"
  },
  "pasta": {
    "sounds": [
      "Pasta"
    ],
    "category": "record",
    "subtitle": "subtitles.record.word"
  },
  "pecuniary": {
    "sounds": [
      "Pecuniary"
    ],
    "category": "record",
    "subtitle": "subtitles.record.word"
  },
  "peppermint": {
    "sounds": [
      "Peppermint"
    ],
    "category": "record",
    "subtitle": "subtitles.record.word"
  },
  "periodically": {
    "sounds": [
      "Periodically"
    ],
    "category": "record",
    "subtitle": "subtitles.record.word"
  },
  "personnel": {
    "sounds": [
      "Personnel"
    ],
    "category": "record",
    "subtitle": "subtitles.record.word"
  },
  "perspicacious": {
    "sounds": [
      "Perspicacious"
    ],
    "category": "record",
    "subtitle": "subtitles.record.word"
  },
  "pessimistic": {
    "sounds": [
      "Pessimistic"
    ],
    "category": "record",
    "subtitle": "subtitles.record.word"
  },
  "pestilence": {
    "sounds": [
      "Pestilence"
    ],
    "category": "record",
    "subtitle": "subtitles.record.word"
  },
  "phenomenon": {
    "sounds": [
      "Phenomenon"
    ],
    "category": "record",
    "subtitle": "subtitles.record.word"
  },
  "phlegm": {
    "sounds": [
      "Phlegm"
    ],
    "category": "record",
    "subtitle": "subtitles.record.word"
  },
  "photographer": {
    "sounds": [
      "Photographer"
    ],
    "category": "record",
    "subtitle": "subtitles.record.word"
  },
  "photoplethysmography": {
    "sounds": [
      "Photoplethysmography"
    ],
    "category": "record",
    "subtitle": "subtitles.record.word"
  },
  "pink": {
    "sounds": [
      "Pink"
    ],
    "category": "record",
    "subtitle": "subtitles.record.word"
  },
  "pirouette": {
    "sounds": [
      "Pirouette"
    ],
    "category": "record",
    "subtitle": "subtitles.record.word"
  },
  "plenipotentiary": {
    "sounds": [
      "Plenipotentiary"
    ],
    "category": "record",
    "subtitle": "subtitles.record.word"
  },
  "plethora": {
    "sounds": [
      "Plethora"
    ],
    "category": "record",
    "subtitle": "subtitles.record.word"
  },
  "pneumoencephalography": {
    "sounds": [
      "Pneumoencephalography"
    ],
    "category": "record",
    "subtitle": "subtitles.record.word"
  },
  "pneumonoultramicroscopicsilicovolcanoconiosis": {
    "sounds": [
      "Pneumonoultramicroscopicsilicovolcanoconiosis"
    ],
    "category": "record",
    "subtitle": "subtitles.record.word"
  },
  "polydactyly": {
    "sounds": [
      "Polydactyly"
    ],
    "category": "record",
    "subtitle": "subtitles.record.word"
  },
  "polyphiloprogenitive": {
    "sounds": [
      "Polyphiloprogenitive"
    ],
    "category": "record",
    "subtitle": "subtitles.record.word"
  },
  "pomegranate": {
    "sounds": [
      "Pomegranate"
    ],
    "category": "record",
    "subtitle": "subtitles.record.word"
  },
  "portfolio": {
    "sounds": [
      "Portfolio"
    ],
    "category": "record",
    "subtitle": "subtitles.record.word"
  },
  "portmanteau": {
    "sounds": [
      "Portmanteau"
    ],
    "category": "record",
    "subtitle": "subtitles.record.word"
  },
  "powder": {
    "sounds": [
      "Powder"
    ],
    "category": "record",
    "subtitle": "subtitles.record.word"
  },
  "power": {
    "sounds": [
      "Power"
    ],
    "category": "record",
    "subtitle": "subtitles.record.word"
  },
  "prank": {
    "sounds": [
      "Prank"
    ],
    "category": "record",
    "subtitle": "subtitles.record.word"
  },
  "predecessor": {
    "sounds": [
      "Predecessor"
    ],
    "category": "record",
    "subtitle": "subtitles.record.word"
  },
  "predominantly": {
    "sounds": [
      "Predominantly"
    ],
    "category": "record",
    "subtitle": "subtitles.record.word"
  },
  "prestigious": {
    "sounds": [
      "Prestigious"
    ],
    "category": "record",
    "subtitle": "subtitles.record.word"
  },
  "probably": {
    "sounds": [
      "Probably"
    ],
    "category": "record",
    "subtitle": "subtitles.record.word"
  },
  "problematic": {
    "sounds": [
      "Problematic"
    ],
    "category": "record",
    "subtitle": "subtitles.record.word"
  },
  "proclamation": {
    "sounds": [
      "Proclamation"
    ],
    "category": "record",
    "subtitle": "subtitles.record.word"
  },
  "procrastinate": {
    "sounds": [
      "Procrastinate"
    ],
    "category": "record",
    "subtitle": "subtitles.record.word"
  },
  "pronunciation": {
    "sounds": [
      "Pronunciation"
    ],
    "category": "record",
    "subtitle": "subtitles.record.word"
  },
  "proof": {
    "sounds": [
      "Proof"
    ],
    "category": "record",
    "subtitle": "subtitles.record.word"
  },
  "propaganda": {
    "sounds": [
      "Propaganda"
    ],
    "category": "record",
    "subtitle": "subtitles.record.word"
  },
  "pseudopseudohypoparathyroidism": {
    "sounds": [
      "Pseudopseudohypoparathyroidism"
    ],
    "category": "record",
    "subtitle": "subtitles.record.word"
  },
  "pseudorhombicuboctahedron": {
    "sounds": [
      "Pseudorhombicuboctahedron"
    ],
    "category": "record",
    "subtitle": "subtitles.record.word"
  },
  "psychological": {
    "sounds": [
      "Psychological"
    ],
    "category": "record",
    "subtitle": "subtitles.record.word"
  },
  "psychoneuroendocrinological": {
    "sounds": [
      "Psychoneuroendocrinological"
    ],
    "category": "record",
    "subtitle": "subtitles.record.word"
  },
  "psychoneuroimmunology": {
    "sounds": [
      "Psychoneuroimmunology"
    ],
    "category": "record",
    "subtitle": "subtitles.record.word"
  },
  "psychophysicotherapeutics": {
    "sounds": [
      "Psychophysicotherapeutics"
    ],
    "category": "record",
    "subtitle": "subtitles.record.word"
  },
  "puerile": {
    "sounds": [
      "Puerile"
    ],
    "category": "record",
    "subtitle": "subtitles.record.word"
  },
  "pugnacious": {
    "sounds": [
      "Pugnacious"
    ],
    "category": "record",
    "subtitle": "subtitles.record.word"
  },
  "pulchritudinous": {
    "sounds": [
      "Pulchritudinous"
    ],
    "category": "record",
    "subtitle": "subtitles.record.word"
  },
  "purple": {
    "sounds": [
      "Purple"
    ],
    "category": "record",
    "subtitle": "subtitles.record.word"
  },
  "pursuit": {
    "sounds": [
      "Pursuit"
    ],
    "category": "record",
    "subtitle": "subtitles.record.word"
  },
  "pusillanimous": {
    "sounds": [
      "Pusillanimous"
    ],
    "category": "record",
    "subtitle": "subtitles.record.word"
  },
  "pygmy": {
    "sounds": [
      "Pygmy"
    ],
    "category": "record",
    "subtitle": "subtitles.record.word"
  },
  "quack": {
    "sounds": [
      "Quack"
    ],
    "category": "record",
    "subtitle": "subtitles.record.word"
  },
  "quasiautobiographical": {
    "sounds": [
      "Quasiautobiographical"
    ],
    "category": "record",
    "subtitle": "subtitles.record.word"
  },
  "quasquicentennial": {
    "sounds": [
      "Quasquicentennial"
    ],
    "category": "record",
    "subtitle": "subtitles.record.word"
  },
  "queen": {
    "sounds": [
      "Queen"
    ],
    "category": "record",
    "subtitle": "subtitles.record.word"
  },
  "querimony": {
    "sounds": [
      "Querimony"
    ],
    "category": "record",
    "subtitle": "subtitles.record.word"
  },
  "quill": {
    "sounds": [
      "Quill"
    ],
    "category": "record",
    "subtitle": "subtitles.record.word"
  },
  "quindecasyllabic": {
    "sounds": [
      "Quindecasyllabic"
    ],
    "category": "record",
    "subtitle": "subtitles.record.word"
  },
  "quixotry": {
    "sounds": [
      "Quixotry"
    ],
    "category": "record",
    "subtitle": "subtitles.record.word"
  },
  "quoddamodotative": {
    "sounds": [
      "Quoddamodotative"
    ],
    "category": "record",
    "subtitle": "subtitles.record.word"
  },
  "radiometeorograph": {
    "sounds": [
      "Radiometeorograph"
    ],
    "category": "record",
    "subtitle": "subtitles.record.word"
  },
  "rain": {
    "sounds": [
      "Rain"
    ],
    "category": "record",
    "subtitle": "subtitles.record.word"
  },
  "rally": {
    "sounds": [
      "Rally"
    ],
    "category": "record",
    "subtitle": "subtitles.record.word"
  },
  "rambunctious": {
    "sounds": [
      "Rambunctious"
    ],
    "category": "record",
    "subtitle": "subtitles.record.word"
  },
  "random": {
    "sounds": [
      "Random"
    ],
    "category": "record",
    "subtitle": "subtitles.record.word"
  },
  "ravenous": {
    "sounds": [
      "Ravenous"
    ],
    "category": "record",
    "subtitle": "subtitles.record.word"
  },
  "recession": {
    "sounds": [
      "Recession"
    ],
    "category": "record",
    "subtitle": "subtitles.record.word"
  },
  "recipient": {
    "sounds": [
      "Recipient"
    ],
    "category": "record",
    "subtitle": "subtitles.record.word"
  },
  "red": {
    "sounds": [
      "Red"
    ],
    "category": "record",
    "subtitle": "subtitles.record.word"
  },
  "refrain": {
    "sounds": [
      "Refrain"
    ],
    "category": "record",
    "subtitle": "subtitles.record.word"
  },
  "refugee": {
    "sounds": [
      "Refugee"
    ],
    "category": "record",
    "subtitle": "subtitles.record.word"
  },
  "rehabilitation": {
    "sounds": [
      "Rehabilitation"
    ],
    "category": "record",
    "subtitle": "subtitles.record.word"
  },
  "reincarnation": {
    "sounds": [
      "Reincarnation"
    ],
    "category": "record",
    "subtitle": "subtitles.record.word"
  },
  "reliability": {
    "sounds": [
      "Reliability"
    ],
    "category": "record",
    "subtitle": "subtitles.record.word"
  },
  "remarkable": {
    "sounds": [
      "Remarkable"
    ],
    "category": "record",
    "subtitle": "subtitles.record.word"
  },
  "reminiscence": {
    "sounds": [
      "Reminiscence"
    ],
    "category": "record",
    "subtitle": "subtitles.record.word"
  },
  "rendezvous": {
    "sounds": [
      "Rendezvous"
    ],
    "category": "record",
    "subtitle": "subtitles.record.word"
  },
  "reply": {
    "sounds": [
      "Reply"
    ],
    "category": "record",
    "subtitle": "subtitles.record.word"
  },
  "residential": {
    "sounds": [
      "Residential"
    ],
    "category": "record",
    "subtitle": "subtitles.record.word"
  },
  "resilience": {
    "sounds": [
      "Resilience"
    ],
    "category": "record",
    "subtitle": "subtitles.record.word"
  },
  "resurrection": {
    "sounds": [
      "Resurrection"
    ],
    "category": "record",
    "subtitle": "subtitles.record.word"
  },
  "revelation": {
    "sounds": [
      "Revelation"
    ],
    "category": "record",
    "subtitle": "subtitles.record.word"
  },
  "rhythm": {
    "sounds": [
      "Rhythm"
    ],
    "category": "record",
    "subtitle": "subtitles.record.word"
  },
  "ricochet": {
    "sounds": [
      "Ricochet"
    ],
    "category": "record",
    "subtitle": "subtitles.record.word"
  },
  "robust": {
    "sounds": [
      "Robust"
    ],
    "category": "record",
    "subtitle": "subtitles.record.word"
  },
  "ruby": {
    "sounds": [
      "Ruby"
    ],
    "category": "record",
    "subtitle": "subtitles.record.word"
  },
  "sagacious": {
    "sounds": [
      "Sagacious"
    ],
    "category": "record",
    "subtitle": "subtitles.record.word"
  },
  "sapphire": {
    "sounds": [
      "Sapphire"
    ],
    "category": "record",
    "subtitle": "subtitles.record.word"
  },
  "sarcophagus": {
    "sounds": [
      "Sarcophagus"
    ],
    "category": "record",
    "subtitle": "subtitles.record.word"
  },
  "sclerectoiridectomy": {
    "sounds": [
      "Sclerectoiridectomy"
    ],
    "category": "record",
    "subtitle": "subtitles.record.word"
  },
  "scrutiny": {
    "sounds": [
      "Scrutiny"
    ],
    "category": "record",
    "subtitle": "subtitles.record.word"
  },
  "secret": {
    "sounds": [
      "Secret"
    ],
    "category": "record",
    "subtitle": "subtitles.record.word"
  },
  "seldom": {
    "sounds": [
      "Seldom"
    ],
    "category": "record",
    "subtitle": "subtitles.record.word"
  },
  "semaphore": {
    "sounds": [
      "Semaphore"
    ],
    "category": "record",
    "subtitle": "subtitles.record.word"
  },
  "semicircle": {
    "sounds": [
      "Semicircle"
    ],
    "category": "record",
    "subtitle": "subtitles.record.word"
  },
  "sentimental": {
    "sounds": [
      "Sentimental"
    ],
    "category": "record",
    "subtitle": "subtitles.record.word"
  },
  "separation": {
    "sounds": [
      "Separation"
    ],
    "category": "record",
    "subtitle": "subtitles.record.word"
  },
  "sequoia": {
    "sounds": [
      "Sequoia"
    ],
    "category": "record",
    "subtitle": "subtitles.record.word"
  },
  "serendipity": {
    "sounds": [
      "Serendipity"
    ],
    "category": "record",
    "subtitle": "subtitles.record.word"
  },
  "sesquipedalian": {
    "sounds": [
      "Sesquipedalian"
    ],
    "category": "record",
    "subtitle": "subtitles.record.word"
  },
  "shake": {
    "sounds": [
      "Shake"
    ],
    "category": "record",
    "subtitle": "subtitles.record.word"
  },
  "shareholder": {
    "sounds": [
      "Shareholder"
    ],
    "category": "record",
    "subtitle": "subtitles.record.word"
  },
  "sigh": {
    "sounds": [
      "Sigh"
    ],
    "category": "record",
    "subtitle": "subtitles.record.word"
  },
  "significance": {
    "sounds": [
      "Significance"
    ],
    "category": "record",
    "subtitle": "subtitles.record.word"
  },
  "silhouette": {
    "sounds": [
      "Silhouette"
    ],
    "category": "record",
    "subtitle": "subtitles.record.word"
  },
  "simultaneous": {
    "sounds": [
      "Simultaneous"
    ],
    "category": "record",
    "subtitle": "subtitles.record.word"
  },
  "size": {
    "sounds": [
      "Size"
    ],
    "category": "record",
    "subtitle": "subtitles.record.word"
  },
  "sniffle": {
    "sounds": [
      "Sniffle"
    ],
    "category": "record",
    "subtitle": "subtitles.record.word"
  },
  "snow": {
    "sounds": [
      "Snow"
    ],
    "category": "record",
    "subtitle": "subtitles.record.word"
  },
  "soda": {
    "sounds": [
      "Soda"
    ],
    "category": "record",
    "subtitle": "subtitles.record.word"
  },
  "solidarity": {
    "sounds": [
      "Solidarity"
    ],
    "category": "record",
    "subtitle": "subtitles.record.word"
  },
  "soliloquy": {
    "sounds": [
      "Soliloquy"
    ],
    "category": "record",
    "subtitle": "subtitles.record.word"
  },
  "sovereignty": {
    "sounds": [
      "Sovereignty"
    ],
    "category": "record",
    "subtitle": "subtitles.record.word"
  },
  "special": {
    "sounds": [
      "Special"
    ],
    "category": "record",
    "subtitle": "subtitles.record.word"
  },
  "spectrophotofluorometry": {
    "sounds": [
      "Spectrophotofluorometry"
    ],
    "category": "record",
    "subtitle": "subtitles.record.word"
  },
  "spectrophotometer": {
    "sounds": [
      "Spectrophotometer"
    ],
    "category": "record",
    "subtitle": "subtitles.record.word"
  },
  "spell1": {
    "sounds": [
      "spell1"
    ],
    "category": "record",
    "subtitle": "subtitles.record.word"
  },
  "spell2": {
    "sounds": [
      "spell2"
    ],
    "category": "record",
    "subtitle": "subtitles.record.word"
  },
  "spell3": {
    "sounds": [
      "spell3"
    ],
    "category": "record",
    "subtitle": "subtitles.record.word"
  },
  "spell4": {
    "sounds": [
      "spell4"
    ],
    "category": "record",
    "subtitle": "subtitles.record.word"
  },
  "spell5": {
    "sounds": [
      "spell5"
    ],
    "category": "record",
    "subtitle": "subtitles.record.word"
  },
  "sphygmomanometer": {
    "sounds": [
      "Sphygmomanometer"
    ],
    "category": "record",
    "subtitle": "subtitles.record.word"
  },
  "spokesperson": {
    "sounds": [
      "Spokesperson"
    ],
    "category": "record",
    "subtitle": "subtitles.record.word"
  },
  "star": {
    "sounds": [
      "Star"
    ],
    "category": "record",
    "subtitle": "subtitles.record.word"
  },
  "state": {
    "sounds": [
      "State"
    ],
    "category": "record",
    "subtitle": "subtitles.record.word"
  },
  "steadfast": {
    "sounds": [
      "Steadfast"
    ],
    "category": "record",
    "subtitle": "subtitles.record.word"
  },
  "stereoelectroencephalography": {
    "sounds": [
      "Stereoelectroencephalography"
    ],
    "category": "record",
    "subtitle": "subtitles.record.word"
  },
  "stereotype": {
    "sounds": [
      "Stereotype"
    ],
    "category": "record",
    "subtitle": "subtitles.record.word"
  },
  "still": {
    "sounds": [
      "Still"
    ],
    "category": "record",
    "subtitle": "subtitles.record.word"
  },
  "strategic": {
    "sounds": [
      "Strategic"
    ],
    "category": "record",
    "subtitle": "subtitles.record.word"
  },
  "stumble": {
    "sounds": [
      "Stumble"
    ],
    "category": "record",
    "subtitle": "subtitles.record.word"
  },
  "subcompartmentalization": {
    "sounds": [
      "Subcompartmentalization"
    ],
    "category": "record",
    "subtitle": "subtitles.record.word"
  },
  "subdermatoglyphic": {
    "sounds": [
      "Subdermatoglyphic"
    ],
    "category": "record",
    "subtitle": "subtitles.record.word"
  },
  "subpoena": {
    "sounds": [
      "Subpoena"
    ],
    "category": "record",
    "subtitle": "subtitles.record.word"
  },
  "subsidy": {
    "sounds": [
      "Subsidy"
    ],
    "category": "record",
    "subtitle": "subtitles.record.word"
  },
  "subterranean": {
    "sounds": [
      "Subterranean"
    ],
    "category": "record",
    "subtitle": "subtitles.record.word"
  },
  "suck": {
    "sounds": [
      "Suck"
    ],
    "category": "record",
    "subtitle": "subtitles.record.word"
  },
  "supercalifragilisticexpialidocious": {
    "sounds": [
      "Supercalifragilisticexpialidocious"
    ],
    "category": "record",
    "subtitle": "subtitles.record.word"
  },
  "supererogatory": {
    "sounds": [
      "Supererogatory"
    ],
    "category": "record",
    "subtitle": "subtitles.record.word"
  },
  "superferromagnetism": {
    "sounds": [
      "Superferromagnetism"
    ],
    "category": "record",
    "subtitle": "subtitles.record.word"
  },
  "supposedly": {
    "sounds": [
      "Supposedly"
    ],
    "category": "record",
    "subtitle": "subtitles.record.word"
  },
  "surrogate": {
    "sounds": [
      "Surrogate"
    ],
    "category": "record",
    "subtitle": "subtitles.record.word"
  },
  "surveillance": {
    "sounds": [
      "Surveillance"
    ],
    "category": "record",
    "subtitle": "subtitles.record.word"
  },
  "susceptible": {
    "sounds": [
      "Susceptible"
    ],
    "category": "record",
    "subtitle": "subtitles.record.word"
  },
  "susurration": {
    "sounds": [
      "Susurration"
    ],
    "category": "record",
    "subtitle": "subtitles.record.word"
  },
  "syllable": {
    "sounds": [
      "Syllable"
    ],
    "category": "record",
    "subtitle": "subtitles.record.word"
  },
  "syllepsis": {
    "sounds": [
      "Syllepsis"
    ],
    "category": "record",
    "subtitle": "subtitles.record.word"
  },
  "symbiosis": {
    "sounds": [
      "Symbiosis"
    ],
    "category": "record",
    "subtitle": "subtitles.record.word"
  },
  "symmetrical": {
    "sounds": [
      "Symmetrical"
    ],
    "category": "record",
    "subtitle": "subtitles.record.word"
  },
  "syntax": {
    "sounds": [
      "Syntax"
    ],
    "category": "record",
    "subtitle": "subtitles.record.word"
  },
  "systematic": {
    "sounds": [
      "Systematic"
    ],
    "category": "record",
    "subtitle": "subtitles.record.word"
  },
  "syzygy": {
    "sounds": [
      "Syzygy"
    ],
    "category": "record",
    "subtitle": "subtitles.record.word"
  },
  "tangerine": {
    "sounds": [
      "Tangerine"
    ],
    "category": "record",
    "subtitle": "subtitles.record.word"
  },
  "tank": {
    "sounds": [
      "Tank"
    ],
    "category": "record",
    "subtitle": "subtitles.record.word"
  },
  "telepathy": {
    "sounds": [
      "Telepathy"
    ],
    "category": "record",
    "subtitle": "subtitles.record.word"
  },
  "tempestuous": {
    "sounds": [
      "Tempestuous"
    ],
    "category": "record",
    "subtitle": "subtitles.record.word"
  },
  "tetraphobia": {
    "sounds": [
      "Tetraphobia"
    ],
    "category": "record",
    "subtitle": "subtitles.record.word"
  },
  "thalassophobia": {
    "sounds": [
      "Thalassophobia"
    ],
    "category": "record",
    "subtitle": "subtitles.record.word"
  },
  "therapeutic": {
    "sounds": [
      "Therapeutic"
    ],
    "category": "record",
    "subtitle": "subtitles.record.word"
  },
  "thesaurus": {
    "sounds": [
      "Thesaurus"
    ],
    "category": "record",
    "subtitle": "subtitles.record.word"
  },
  "thesis": {
    "sounds": [
      "Thesis"
    ],
    "category": "record",
    "subtitle": "subtitles.record.word"
  },
  "tintinnabulation": {
    "sounds": [
      "Tintinnabulation"
    ],
    "category": "record",
    "subtitle": "subtitles.record.word"
  },
  "tonsillopharyngitis": {
    "sounds": [
      "Tonsillopharyngitis"
    ],
    "category": "record",
    "subtitle": "subtitles.record.word"
  },
  "town": {
    "sounds": [
      "Town"
    ],
    "category": "record",
    "subtitle": "subtitles.record.word"
  },
  "transaction": {
    "sounds": [
      "Transaction"
    ],
    "category": "record",
    "subtitle": "subtitles.record.word"
  },
  "transinstitutionalization": {
    "sounds": [
      "Transinstitutionalization"
    ],
    "category": "record",
    "subtitle": "subtitles.record.word"
  },
  "translucent": {
    "sounds": [
      "Translucent"
    ],
    "category": "record",
    "subtitle": "subtitles.record.word"
  },
  "transparency": {
    "sounds": [
      "Transparency"
    ],
    "category": "record",
    "subtitle": "subtitles.record.word"
  },
  "transportation": {
    "sounds": [
      "Transportation"
    ],
    "category": "record",
    "subtitle": "subtitles.record.word"
  },
  "trauma": {
    "sounds": [
      "Trauma"
    ],
    "category": "record",
    "subtitle": "subtitles.record.word"
  },
  "tree": {
    "sounds": [
      "Tree"
    ],
    "category": "record",
    "subtitle": "subtitles.record.word"
  },
  "tremendous": {
    "sounds": [
      "Tremendous"
    ],
    "category": "record",
    "subtitle": "subtitles.record.word"
  },
  "triphosphate": {
    "sounds": [
      "Triphosphate"
    ],
    "category": "record",
    "subtitle": "subtitles.record.word"
  },
  "twenty": {
    "sounds": [
      "Twenty"
    ],
    "category": "record",
    "subtitle": "subtitles.record.word"
  },
  "twist": {
    "sounds": [
      "Twist"
    ],
    "category": "record",
    "subtitle": "subtitles.record.word"
  },
  "ubiquitous": {
    "sounds": [
      "Ubiquitous"
    ],
    "category": "record",
    "subtitle": "subtitles.record.word"
  },
  "uncharacteristic": {
    "sounds": [
      "Uncharacteristic"
    ],
    "category": "record",
    "subtitle": "subtitles.record.word"
  },
  "uncomfortable": {
    "sounds": [
      "Uncomfortable"
    ],
    "category": "record",
    "subtitle": "subtitles.record.word"
  },
  "understand": {
    "sounds": [
      "Understand"
    ],
    "category": "record",
    "subtitle": "subtitles.record.word"
  },
  "unprecedented": {
    "sounds": [
      "Unprecedented"
    ],
    "category": "record",
    "subtitle": "subtitles.record.word"
  },
  "update": {
    "sounds": [
      "Update"
    ],
    "category": "record",
    "subtitle": "subtitles.record.word"
  },
  "utilitarianism": {
    "sounds": [
      "Utilitarianism"
    ],
    "category": "record",
    "subtitle": "subtitles.record.word"
  },
  "vague": {
    "sounds": [
      "Vague"
    ],
    "category": "record",
    "subtitle": "subtitles.record.word"
  },
  "validity": {
    "sounds": [
      "Validity"
    ],
    "category": "record",
    "subtitle": "subtitles.record.word"
  },
  "venerate": {
    "sounds": [
      "Venerate"
    ],
    "category": "record",
    "subtitle": "subtitles.record.word"
  },
  "ventriculocisternostomy": {
    "sounds": [
      "Ventriculocisternostomy"
    ],
    "category": "record",
    "subtitle": "subtitles.record.word"
  },
  "verbatim": {
    "sounds": [
      "Verbatim"
    ],
    "category": "record",
    "subtitle": "subtitles.record.word"
  },
  "verisimilitude": {
    "sounds": [
      "Verisimilitude"
    ],
    "category": "record",
    "subtitle": "subtitles.record.word"
  },
  "vexatious": {
    "sounds": [
      "Vexatious"
    ],
    "category": "record",
    "subtitle": "subtitles.record.word"
  },
  "vignette": {
    "sounds": [
      "Vignette"
    ],
    "category": "record",
    "subtitle": "subtitles.record.word"
  },
  "villain": {
    "sounds": [
      "Villain"
    ],
    "category": "record",
    "subtitle": "subtitles.record.word"
  },
  "violation": {
    "sounds": [
      "Violation"
    ],
    "category": "record",
    "subtitle": "subtitles.record.word"
  },
  "voluntary": {
    "sounds": [
      "Voluntary"
    ],
    "category": "record",
    "subtitle": "subtitles.record.word"
  },
  "vulnerability": {
    "sounds": [
      "Vulnerability"
    ],
    "category": "record",
    "subtitle": "subtitles.record.word"
  },
  "water": {
    "sounds": [
      "Water"
    ],
    "category": "record",
    "subtitle": "subtitles.record.word"
  },
  "wednesday": {
    "sounds": [
      "Wednesday"
    ],
    "category": "record",
    "subtitle": "subtitles.record.word"
  },
  "white": {
    "sounds": [
      "White"
    ],
    "category": "record",
    "subtitle": "subtitles.record.word"
  },
  "wholeheartedly": {
    "sounds": [
      "Wholeheartedly"
    ],
    "category": "record",
    "subtitle": "subtitles.record.word"
  },
  "wind": {
    "sounds": [
      "Wind"
    ],
    "category": "record",
    "subtitle": "subtitles.record.word"
  },
  "worcestershire": {
    "sounds": [
      "Worcestershire"
    ],
    "category": "record",
    "subtitle": "subtitles.record.word"
  },
  "word": {
    "sounds": [
      "Word"
    ],
    "category": "record",
    "subtitle": "subtitles.record.word"
  },
  "workout": {
    "sounds": [
      "Workout"
    ],
    "category": "record",
    "subtitle": "subtitles.record.word"
  },
  "worthwhile": {
    "sounds": [
      "Worthwhile"
    ],
    "category": "record",
    "subtitle": "subtitles.record.word"
  },
  "wrist": {
    "sounds": [
      "Wrist"
    ],
    "category": "record",
    "subtitle": "subtitles.record.word"
  },
  "xenogeneic": {
    "sounds": [
      "Xenogeneic"
    ],
    "category": "record",
    "subtitle": "subtitles.record.word"
  },
  "xylotypographic": {
    "sounds": [
      "Xylotypographic"
    ],
    "category": "record",
    "subtitle": "subtitles.record.word"
  },
  "zoo": {
    "sounds": [
      "Zoo"
    ],
    "category": "record",
    "subtitle": "subtitles.record.word"
  },
  "zygote": {
    "sounds": [
      "Zygote"
    ],
    "category": "record",
    "subtitle": "subtitles.record.word"
  }
}