{
  "Abacaxi": {
    "sounds": [
      {
        "name": "custom:Abacaxi",
        "stream": false
      }
    ]
  },
  "Abasia": {
    "sounds": [
      {
        "name": "custom:Abasia",
        "stream": false
      }
    ]
  },
  "Abditive": {
    "sounds": [
      {
        "name": "custom:Abditive",
        "stream": false
      }
    ]
  },
  "Abdomen": {
    "sounds": [
      {
        "name": "custom:Abdomen",
        "stream": false
      }
    ]
  },
  "Abdominothoracic": {
    "sounds": [
      {
        "name": "custom:Abdominothoracic",
        "stream": false
      }
    ]
  },
  "Abhorrent": {
    "sounds": [
      {
        "name": "custom:Abhorrent",
        "stream": false
      }
    ]
  },
  "Abolish": {
    "sounds": [
      {
        "name": "custom:Abolish",
        "stream": false
      }
    ]
  },
  "Absence": {
    "sounds": [
      {
        "name": "custom:Absence",
        "stream": false
      }
    ]
  },
  "Absorb": {
    "sounds": [
      {
        "name": "custom:Absorb",
        "stream": false
      }
    ]
  },
  "Abstract": {
    "sounds": [
      {
        "name": "custom:Abstract",
        "stream": false
      }
    ]
  },
  "Accommodate": {
    "sounds": [
      {
        "name": "custom:Accommodate",
        "stream": false
      }
    ]
  },
  "Accomplishment": {
    "sounds": [
      {
        "name": "custom:Accomplishment",
        "stream": false
      }
    ]
  },
  "Acculturate": {
    "sounds": [
      {
        "name": "custom:Acculturate",
        "stream": false
      }
    ]
  },
  "Accumulation": {
    "sounds": [
      {
        "name": "custom:Accumulation",
        "stream": false
      }
    ]
  },
  "Acetaminophen": {
    "sounds": [
      {
        "name": "custom:Acetaminophen",
        "stream": false
      }
    ]
  },
  "Achromatophil": {
    "sounds": [
      {
        "name": "custom:Achromatophil",
        "stream": false
      }
    ]
  },
  "Acquiesce": {
    "sounds": [
      {
        "name": "custom:Acquiesce",
        "stream": false
      }
    ]
  },
  "Adrenocorticotropin": {
    "sounds": [
      {
        "name": "custom:Adrenocorticotropin",
        "stream": false
      }
    ]
  },
  "Adversity": {
    "sounds": [
      {
        "name": "custom:Adversity",
        "stream": false
      }
    ]
  },
  "Aegis": {
    "sounds": [
      {
        "name": "custom:Aegis",
        "stream": false
      }
    ]
  },
  "Aerodynamic": {
    "sounds": [
      {
        "name": "custom:Aerodynamic",
        "stream": false
      }
    ]
  },
  "Aforementioned": {
    "sounds": [
      {
        "name": "custom:Aforementioned",
        "stream": false
      }
    ]
  },
  "Agaric": {
    "sounds": [
      {
        "name": "custom:Agaric",
        "stream": false
      }
    ]
  },
  "Aggrandize": {
    "sounds": [
      {
        "name": "custom:Aggrandize",
        "stream": false
      }
    ]
  },
  "Agnostic": {
    "sounds": [
      {
        "name": "custom:Agnostic",
        "stream": false
      }
    ]
  },
  "Agoraphobia": {
    "sounds": [
      {
        "name": "custom:Agoraphobia",
        "stream": false
      }
    ]
  },
  "Agoraphobic": {
    "sounds": [
      {
        "name": "custom:Agoraphobic",
        "stream": false
      }
    ]
  },
  "Agriculture": {
    "sounds": [
      {
        "name": "custom:Agriculture",
        "stream": false
      }
    ]
  },
  "Akin": {
    "sounds": [
      {
        "name": "custom:Akin",
        "stream": false
      }
    ]
  },
  "Albeit": {
    "sounds": [
      {
        "name": "custom:Albeit",
        "stream": false
      }
    ]
  },
  "Alliance": {
    "sounds": [
      {
        "name": "custom:Alliance",
        "stream": false
      }
    ]
  },
  "Alphabet": {
    "sounds": [
      {
        "name": "custom:Alphabet",
        "stream": false
      }
    ]
  },
  "Ambidextrous": {
    "sounds": [
      {
        "name": "custom:Ambidextrous",
        "stream": false
      }
    ]
  },
  "Ambiguous": {
    "sounds": [
      {
        "name": "custom:Ambiguous",
        "stream": false
      }
    ]
  },
  "Anachronistic": {
    "sounds": [
      {
        "name": "custom:Anachronistic",
        "stream": false
      }
    ]
  },
  "Anaphylactic": {
    "sounds": [
      {
        "name": "custom:Anaphylactic",
        "stream": false
      }
    ]
  },
  "Anatomical": {
    "sounds": [
      {
        "name": "custom:Anatomical",
        "stream": false
      }
    ]
  },
  "Anemone": {
    "sounds": [
      {
        "name": "custom:Anemone",
        "stream": false
      }
    ]
  },
  "Angel": {
    "sounds": [
      {
        "name": "custom:Angel",
        "stream": false
      }
    ]
  },
  "Antediluvian": {
    "sounds": [
      {
        "name": "custom:Antediluvian",
        "stream": false
      }
    ]
  },
  "Anthropomorphization": {
    "sounds": [
      {
        "name": "custom:Anthropomorphization",
        "stream": false
      }
    ]
  },
  "Antidisestablishmentarianism": {
    "sounds": [
      {
        "name": "custom:Antidisestablishmentarianism",
        "stream": false
      }
    ]
  },
  "Antixerophthalmic": {
    "sounds": [
      {
        "name": "custom:Antixerophthalmic",
        "stream": false
      }
    ]
  },
  "Apocryphal": {
    "sounds": [
      {
        "name": "custom:Apocryphal",
        "stream": false
      }
    ]
  },
  "Apostrophe": {
    "sounds": [
      {
        "name": "custom:Apostrophe",
        "stream": false
      }
    ]
  },
  "Apothecary": {
    "sounds": [
      {
        "name": "custom:Apothecary",
        "stream": false
      }
    ]
  },
  "Appetite": {
    "sounds": [
      {
        "name": "custom:Appetite",
        "stream": false
      }
    ]
  },
  "Arthroereisis": {
    "sounds": [
      {
        "name": "custom:Arthroereisis",
        "stream": false
      }
    ]
  },
  "Articulate": {
    "sounds": [
      {
        "name": "custom:Articulate",
        "stream": false
      }
    ]
  },
  "Ash": {
    "sounds": [
      {
        "name": "custom:Ash",
        "stream": false
      }
    ]
  },
  "Asphyxiation": {
    "sounds": [
      {
        "name": "custom:Asphyxiation",
        "stream": false
      }
    ]
  },
  "Assumption": {
    "sounds": [
      {
        "name": "custom:Assumption",
        "stream": false
      }
    ]
  },
  "Asthma": {
    "sounds": [
      {
        "name": "custom:Asthma",
        "stream": false
      }
    ]
  },
  "Astigmatism": {
    "sounds": [
      {
        "name": "custom:Astigmatism",
        "stream": false
      }
    ]
  },
  "Asunder": {
    "sounds": [
      {
        "name": "custom:Asunder",
        "stream": false
      }
    ]
  },
  "Ataraxy": {
    "sounds": [
      {
        "name": "custom:Ataraxy",
        "stream": false
      }
    ]
  },
  "Atmospheric": {
    "sounds": [
      {
        "name": "custom:Atmospheric",
        "stream": false
      }
    ]
  },
  "Automatic": {
    "sounds": [
      {
        "name": "custom:Automatic",
        "stream": false
      }
    ]
  },
  "Autothaumaturgist": {
    "sounds": [
      {
        "name": "custom:Autothaumaturgist",
        "stream": false
      }
    ]
  },
  "Await": {
    "sounds": [
      {
        "name": "custom:Await",
        "stream": false
      }
    ]
  },
  "Baccalaureate": {
    "sounds": [
      {
        "name": "custom:Baccalaureate",
        "stream": false
      }
    ]
  },
  "Bamboo": {
    "sounds": [
      {
        "name": "custom:Bamboo",
        "stream": false
      }
    ]
  },
  "Bandeau": {
    "sounds": [
      {
        "name": "custom:Bandeau",
        "stream": false
      }
    ]
  },
  "Batrachophobia": {
    "sounds": [
      {
        "name": "custom:Batrachophobia",
        "stream": false
      }
    ]
  },
  "Bayonet": {
    "sounds": [
      {
        "name": "custom:Bayonet",
        "stream": false
      }
    ]
  },
  "Belvedere": {
    "sounds": [
      {
        "name": "custom:Belvedere",
        "stream": false
      }
    ]
  },
  "Beneficiary": {
    "sounds": [
      {
        "name": "custom:Beneficiary",
        "stream": false
      }
    ]
  },
  "Benevolence": {
    "sounds": [
      {
        "name": "custom:Benevolence",
        "stream": false
      }
    ]
  },
  "Betray": {
    "sounds": [
      {
        "name": "custom:Betray",
        "stream": false
      }
    ]
  },
  "Betwixt": {
    "sounds": [
      {
        "name": "custom:Betwixt",
        "stream": false
      }
    ]
  },
  "Bingo": {
    "sounds": [
      {
        "name": "custom:Bingo",
        "stream": false
      }
    ]
  },
  "Biography": {
    "sounds": [
      {
        "name": "custom:Biography",
        "stream": false
      }
    ]
  },
  "Bird": {
    "sounds": [
      {
        "name": "custom:Bird",
        "stream": false
      }
    ]
  },
  "Bizarre": {
    "sounds": [
      {
        "name": "custom:Bizarre",
        "stream": false
      }
    ]
  },
  "Black": {
    "sounds": [
      {
        "name": "custom:Black",
        "stream": false
      }
    ]
  },
  "Bodacious": {
    "sounds": [
      {
        "name": "custom:Bodacious",
        "stream": false
      }
    ]
  },
  "Bogolanfini": {
    "sounds": [
      {
        "name": "custom:Bogolanfini",
        "stream": false
      }
    ]
  },
  "Bomb": {
    "sounds": [
      {
        "name": "custom:Bomb",
        "stream": false
      }
    ]
  },
  "Book": {
    "sounds": [
      {
        "name": "custom:Book",
        "stream": false
      }
    ]
  },
  "Borborygmus": {
    "sounds": [
      {
        "name": "custom:Borborygmus",
        "stream": false
      }
    ]
  },
  "Bourgeoisie": {
    "sounds": [
      {
        "name": "custom:Bourgeoisie",
        "stream": false
      }
    ]
  },
  "Bourgeoisification": {
    "sounds": [
      {
        "name": "custom:Bourgeoisification",
        "stream": false
      }
    ]
  },
  "Brain": {
    "sounds": [
      {
        "name": "custom:Brain",
        "stream": false
      }
    ]
  },
  "Breakthrough": {
    "sounds": [
      {
        "name": "custom:Breakthrough",
        "stream": false
      }
    ]
  },
  "Broccoli": {
    "sounds": [
      {
        "name": "custom:Broccoli",
        "stream": false
      }
    ]
  },
  "Bronchitis": {
    "sounds": [
      {
        "name": "custom:Bronchitis",
        "stream": false
      }
    ]
  },
  "Brucellosis": {
    "sounds": [
      {
        "name": "custom:Brucellosis",
        "stream": false
      }
    ]
  },
  "Brusque": {
    "sounds": [
      {
        "name": "custom:Brusque",
        "stream": false
      }
    ]
  },
  "Bucolic": {
    "sounds": [
      {
        "name": "custom:Bucolic",
        "stream": false
      }
    ]
  },
  "Burger": {
    "sounds": [
      {
        "name": "custom:Burger",
        "stream": false
      }
    ]
  },
  "Burial": {
    "sounds": [
      {
        "name": "custom:Burial",
        "stream": false
      }
    ]
  },
  "Cabin": {
    "sounds": [
      {
        "name": "custom:Cabin",
        "stream": false
      }
    ]
  },
  "Cacophony": {
    "sounds": [
      {
        "name": "custom:Cacophony",
        "stream": false
      }
    ]
  },
  "Cake": {
    "sounds": [
      {
        "name": "custom:Cake",
        "stream": false
      }
    ]
  },
  "Calamitous": {
    "sounds": [
      {
        "name": "custom:Calamitous",
        "stream": false
      }
    ]
  },
  "Calibration": {
    "sounds": [
      {
        "name": "custom:Calibration",
        "stream": false
      }
    ]
  },
  "Calumny": {
    "sounds": [
      {
        "name": "custom:Calumny",
        "stream": false
      }
    ]
  },
  "Canaliculodacryocystorhinostomy": {
    "sounds": [
      {
        "name": "custom:Canaliculodacryocystorhinostomy",
        "stream": false
      }
    ]
  },
  "Capoeira": {
    "sounds": [
      {
        "name": "custom:Capoeira",
        "stream": false
      }
    ]
  },
  "Capricious": {
    "sounds": [
      {
        "name": "custom:Capricious",
        "stream": false
      }
    ]
  },
  "Car": {
    "sounds": [
      {
        "name": "custom:Car",
        "stream": false
      }
    ]
  },
  "Cat": {
    "sounds": [
      {
        "name": "custom:Cat",
        "stream": false
      }
    ]
  },
  "Caustic": {
    "sounds": [
      {
        "name": "custom:Caustic",
        "stream": false
      }
    ]
  },
  "Cerulean": {
    "sounds": [
      {
        "name": "custom:Cerulean",
        "stream": false
      }
    ]
  },
  "Champagne": {
    "sounds": [
      {
        "name": "custom:Champagne",
        "stream": false
      }
    ]
  },
  "Chargoggagoggmanchauggagoggchaubunagungamaugg": {
    "sounds": [
      {
        "name": "custom:Chargoggagoggmanchauggagoggchaubunagungamaugg",
        "stream": false
      }
    ]
  },
  "Charisma": {
    "sounds": [
      {
        "name": "custom:Charisma",
        "stream": false
      }
    ]
  },
  "Chauffeur": {
    "sounds": [
      {
        "name": "custom:Chauffeur",
        "stream": false
      }
    ]
  },
  "Chicken": {
    "sounds": [
      {
        "name": "custom:Chicken",
        "stream": false
      }
    ]
  },
  "Chlorophyll": {
    "sounds": [
      {
        "name": "custom:Chlorophyll",
        "stream": false
      }
    ]
  },
  "Cholangiopancreatography": {
    "sounds": [
      {
        "name": "custom:Cholangiopancreatography",
        "stream": false
      }
    ]
  },
  "Chronic": {
    "sounds": [
      {
        "name": "custom:Chronic",
        "stream": false
      }
    ]
  },
  "Chronological": {
    "sounds": [
      {
        "name": "custom:Chronological",
        "stream": false
      }
    ]
  },
  "Cinematographer": {
    "sounds": [
      {
        "name": "custom:Cinematographer",
        "stream": false
      }
    ]
  },
  "Circle": {
    "sounds": [
      {
        "name": "custom:Circle",
        "stream": false
      }
    ]
  },
  "Clandestine": {
    "sounds": [
      {
        "name": "custom:Clandestine",
        "stream": false
      }
    ]
  },
  "Clever": {
    "sounds": [
      {
        "name": "custom:Clever",
        "stream": false
      }
    ]
  },
  "Cliff": {
    "sounds": [
      {
        "name": "custom:Cliff",
        "stream": false
      }
    ]
  },
  "Clutch": {
    "sounds": [
      {
        "name": "custom:Clutch",
        "stream": false
      }
    ]
  },
  "Codicil": {
    "sounds": [
      {
        "name": "custom:Codicil",
        "stream": false
      }
    ]
  },
  "Cognitive": {
    "sounds": [
      {
        "name": "custom:Cognitive",
        "stream": false
      }
    ]
  },
  "Colloquialism": {
    "sounds": [
      {
        "name": "custom:Colloquialism",
        "stream": false
      }
    ]
  },
  "Combustible": {
    "sounds": [
      {
        "name": "custom:Combustible",
        "stream": false
      }
    ]
  },
  "Comeuppance": {
    "sounds": [
      {
        "name": "custom:Comeuppance",
        "stream": false
      }
    ]
  },
  "Commodity": {
    "sounds": [
      {
        "name": "custom:Commodity",
        "stream": false
      }
    ]
  },
  "Commodore": {
    "sounds": [
      {
        "name": "custom:Commodore",
        "stream": false
      }
    ]
  },
  "Compartmentalization": {
    "sounds": [
      {
        "name": "custom:Compartmentalization",
        "stream": false
      }
    ]
  },
  "Comply": {
    "sounds": [
      {
        "name": "custom:Comply",
        "stream": false
      }
    ]
  },
  "Compunction": {
    "sounds": [
      {
        "name": "custom:Compunction",
        "stream": false
      }
    ]
  },
  "Concentration": {
    "sounds": [
      {
        "name": "custom:Concentration",
        "stream": false
      }
    ]
  },
  "Congratulate": {
    "sounds": [
      {
        "name": "custom:Congratulate",
        "stream": false
      }
    ]
  },
  "Consanguine": {
    "sounds": [
      {
        "name": "custom:Consanguine",
        "stream": false
      }
    ]
  },
  "Consumption": {
    "sounds": [
      {
        "name": "custom:Consumption",
        "stream": false
      }
    ]
  },
  "Contradistinguish": {
    "sounds": [
      {
        "name": "custom:Contradistinguish",
        "stream": false
      }
    ]
  },
  "Controversial": {
    "sounds": [
      {
        "name": "custom:Controversial",
        "stream": false
      }
    ]
  },
  "Convey": {
    "sounds": [
      {
        "name": "custom:Convey",
        "stream": false
      }
    ]
  },
  "Convolvulaceous": {
    "sounds": [
      {
        "name": "custom:Convolvulaceous",
        "stream": false
      }
    ]
  },
  "Cooking": {
    "sounds": [
      {
        "name": "custom:Cooking",
        "stream": false
      }
    ]
  },
  "Cool": {
    "sounds": [
      {
        "name": "custom:Cool",
        "stream": false
      }
    ]
  },
  "Correspondence": {
    "sounds": [
      {
        "name": "custom:Correspondence",
        "stream": false
      }
    ]
  },
  "Corticopontocerebellar": {
    "sounds": [
      {
        "name": "custom:Corticopontocerebellar",
        "stream": false
      }
    ]
  },
  "Counterimmunoelectrophoresis": {
    "sounds": [
      {
        "name": "custom:Counterimmunoelectrophoresis",
        "stream": false
      }
    ]
  },
  "Counterintuitive": {
    "sounds": [
      {
        "name": "custom:Counterintuitive",
        "stream": false
      }
    ]
  },
  "Countermajoritarianism": {
    "sounds": [
      {
        "name": "custom:Countermajoritarianism",
        "stream": false
      }
    ]
  },
  "Crowd": {
    "sounds": [
      {
        "name": "custom:Crowd",
        "stream": false
      }
    ]
  },
  "Cuisine": {
    "sounds": [
      {
        "name": "custom:Cuisine",
        "stream": false
      }
    ]
  },
  "Culvert": {
    "sounds": [
      {
        "name": "custom:Culvert",
        "stream": false
      }
    ]
  },
  "Curious": {
    "sounds": [
      {
        "name": "custom:Curious",
        "stream": false
      }
    ]
  },
  "Cyrillic": {
    "sounds": [
      {
        "name": "custom:Cyrillic",
        "stream": false
      }
    ]
  },
  "Dad": {
    "sounds": [
      {
        "name": "custom:Dad",
        "stream": false
      }
    ]
  },
  "Dairy": {
    "sounds": [
      {
        "name": "custom:Dairy",
        "stream": false
      }
    ]
  },
  "Dauntless": {
    "sounds": [
      {
        "name": "custom:Dauntless",
        "stream": false
      }
    ]
  },
  "Debris": {
    "sounds": [
      {
        "name": "custom:Debris",
        "stream": false
      }
    ]
  },
  "Defenestration": {
    "sounds": [
      {
        "name": "custom:Defenestration",
        "stream": false
      }
    ]
  },
  "Defy": {
    "sounds": [
      {
        "name": "custom:Defy",
        "stream": false
      }
    ]
  },
  "Dehydrothiotoluidine": {
    "sounds": [
      {
        "name": "custom:Dehydrothiotoluidine",
        "stream": false
      }
    ]
  },
  "Deleterious": {
    "sounds": [
      {
        "name": "custom:Deleterious",
        "stream": false
      }
    ]
  },
  "Demon": {
    "sounds": [
      {
        "name": "custom:Demon",
        "stream": false
      }
    ]
  },
  "Dendrochronology": {
    "sounds": [
      {
        "name": "custom:Dendrochronology",
        "stream": false
      }
    ]
  },
  "Deoxyribonucleic": {
    "sounds": [
      {
        "name": "custom:Deoxyribonucleic",
        "stream": false
      }
    ]
  },
  "Depilatory": {
    "sounds": [
      {
        "name": "custom:Depilatory",
        "stream": false
      }
    ]
  },
  "Deployment": {
    "sounds": [
      {
        "name": "custom:Deployment",
        "stream": false
      }
    ]
  },
  "Derogatory": {
    "sounds": [
      {
        "name": "custom:Derogatory",
        "stream": false
      }
    ]
  },
  "Detrimental": {
    "sounds": [
      {
        "name": "custom:Detrimental",
        "stream": false
      }
    ]
  },
  "Dextrodeorsumversion": {
    "sounds": [
      {
        "name": "custom:Dextrodeorsumversion",
        "stream": false
      }
    ]
  },
  "Dichotomization": {
    "sounds": [
      {
        "name": "custom:Dichotomization",
        "stream": false
      }
    ]
  },
  "Diesel": {
    "sounds": [
      {
        "name": "custom:Diesel",
        "stream": false
      }
    ]
  },
  "Dilate": {
    "sounds": [
      {
        "name": "custom:Dilate",
        "stream": false
      }
    ]
  },
  "Discombobulate": {
    "sounds": [
      {
        "name": "custom:Discombobulate",
        "stream": false
      }
    ]
  },
  "Doctrine": {
    "sounds": [
      {
        "name": "custom:Doctrine",
        "stream": false
      }
    ]
  },
  "Dodecahedron": {
    "sounds": [
      {
        "name": "custom:Dodecahedron",
        "stream": false
      }
    ]
  },
  "Dog": {
    "sounds": [
      {
        "name": "custom:Dog",
        "stream": false
      }
    ]
  },
  "Dolphin": {
    "sounds": [
      {
        "name": "custom:Dolphin",
        "stream": false
      }
    ]
  },
  "Duck": {
    "sounds": [
      {
        "name": "custom:Duck",
        "stream": false
      }
    ]
  },
  "Echo": {
    "sounds": [
      {
        "name": "custom:Echo",
        "stream": false
      }
    ]
  },
  "Elaborate": {
    "sounds": [
      {
        "name": "custom:Elaborate",
        "stream": false
      }
    ]
  },
  "Electrotelethermometer": {
    "sounds": [
      {
        "name": "custom:Electrotelethermometer",
        "stream": false
      }
    ]
  },
  "Eloquent": {
    "sounds": [
      {
        "name": "custom:Eloquent",
        "stream": false
      }
    ]
  },
  "Embarrassment": {
    "sounds": [
      {
        "name": "custom:Embarrassment",
        "stream": false
      }
    ]
  },
  "Embassy": {
    "sounds": [
      {
        "name": "custom:Embassy",
        "stream": false
      }
    ]
  },
  "Emoji": {
    "sounds": [
      {
        "name": "custom:Emoji",
        "stream": false
      }
    ]
  },
  "Enact": {
    "sounds": [
      {
        "name": "custom:Enact",
        "stream": false
      }
    ]
  },
  "Enchantment": {
    "sounds": [
      {
        "name": "custom:Enchantment",
        "stream": false
      }
    ]
  },
  "Encore": {
    "sounds": [
      {
        "name": "custom:Encore",
        "stream": false
      }
    ]
  },
  "Entrepreneur": {
    "sounds": [
      {
        "name": "custom:Entrepreneur",
        "stream": false
      }
    ]
  },
  "Epiphany": {
    "sounds": [
      {
        "name": "custom:Epiphany",
        "stream": false
      }
    ]
  },
  "Epsilon": {
    "sounds": [
      {
        "name": "custom:Epsilon",
        "stream": false
      }
    ]
  },
  "Erratic": {
    "sounds": [
      {
        "name": "custom:Erratic",
        "stream": false
      }
    ]
  },
  "Erupt": {
    "sounds": [
      {
        "name": "custom:Erupt",
        "stream": false
      }
    ]
  },
  "Erythrocytapheresis": {
    "sounds": [
      {
        "name": "custom:Erythrocytapheresis",
        "stream": false
      }
    ]
  },
  "Ethnomethodology": {
    "sounds": [
      {
        "name": "custom:Ethnomethodology",
        "stream": false
      }
    ]
  },
  "Euphoria": {
    "sounds": [
      {
        "name": "custom:Euphoria",
        "stream": false
      }
    ]
  },
  "Exaggerate": {
    "sounds": [
      {
        "name": "custom:Exaggerate",
        "stream": false
      }
    ]
  },
  "Excalibur": {
    "sounds": [
      {
        "name": "custom:Excalibur",
        "stream": false
      }
    ]
  },
  "Excellent": {
    "sounds": [
      {
        "name": "custom:Excellent",
        "stream": false
      }
    ]
  },
  "Exert": {
    "sounds": [
      {
        "name": "custom:Exert",
        "stream": false
      }
    ]
  },
  "Exile": {
    "sounds": [
      {
        "name": "custom:Exile",
        "stream": false
      }
    ]
  },
  "Expenditure": {
    "sounds": [
      {
        "name": "custom:Expenditure",
        "stream": false
      }
    ]
  },
  "Extraterrestrial": {
    "sounds": [
      {
        "name": "custom:Extraterrestrial",
        "stream": false
      }
    ]
  },
  "Extravagant": {
    "sounds": [
      {
        "name": "custom:Extravagant",
        "stream": false
      }
    ]
  },
  "Facsimile": {
    "sounds": [
      {
        "name": "custom:Facsimile",
        "stream": false
      }
    ]
  },
  "Familiar": {
    "sounds": [
      {
        "name": "custom:Familiar",
        "stream": false
      }
    ]
  },
  "Fastidious": {
    "sounds": [
      {
        "name": "custom:Fastidious",
        "stream": false
      }
    ]
  },
  "Favorable": {
    "sounds": [
      {
        "name": "custom:Favorable",
        "stream": false
      }
    ]
  },
  "Ferriprotoporphyrin": {
    "sounds": [
      {
        "name": "custom:Ferriprotoporphyrin",
        "stream": false
      }
    ]
  },
  "Film": {
    "sounds": [
      {
        "name": "custom:Film",
        "stream": false
      }
    ]
  },
  "Filter": {
    "sounds": [
      {
        "name": "custom:Filter",
        "stream": false
      }
    ]
  },
  "Firefighter": {
    "sounds": [
      {
        "name": "custom:Firefighter",
        "stream": false
      }
    ]
  },
  "Fish": {
    "sounds": [
      {
        "name": "custom:Fish",
        "stream": false
      }
    ]
  },
  "Fissiparous": {
    "sounds": [
      {
        "name": "custom:Fissiparous",
        "stream": false
      }
    ]
  },
  "Fjord": {
    "sounds": [
      {
        "name": "custom:Fjord",
        "stream": false
      }
    ]
  },
  "Flibbertigibbet": {
    "sounds": [
      {
        "name": "custom:Flibbertigibbet",
        "stream": false
      }
    ]
  },
  "Floccinaucinihilipilification": {
    "sounds": [
      {
        "name": "custom:Floccinaucinihilipilification",
        "stream": false
      }
    ]
  },
  "Fluorescent": {
    "sounds": [
      {
        "name": "custom:Fluorescent",
        "stream": false
      }
    ]
  },
  "Foggy": {
    "sounds": [
      {
        "name": "custom:Foggy",
        "stream": false
      }
    ]
  },
  "Forbid": {
    "sounds": [
      {
        "name": "custom:Forbid",
        "stream": false
      }
    ]
  },
  "Formidable": {
    "sounds": [
      {
        "name": "custom:Formidable",
        "stream": false
      }
    ]
  },
  "Forthcoming": {
    "sounds": [
      {
        "name": "custom:Forthcoming",
        "stream": false
      }
    ]
  },
  "Fossiliferous": {
    "sounds": [
      {
        "name": "custom:Fossiliferous",
        "stream": false
      }
    ]
  },
  "Frolic": {
    "sounds": [
      {
        "name": "custom:Frolic",
        "stream": false
      }
    ]
  },
  "Fuchsia": {
    "sounds": [
      {
        "name": "custom:Fuchsia",
        "stream": false
      }
    ]
  },
  "Furious": {
    "sounds": [
      {
        "name": "custom:Furious",
        "stream": false
      }
    ]
  },
  "Gallant": {
    "sounds": [
      {
        "name": "custom:Gallant",
        "stream": false
      }
    ]
  },
  "Gastroenterologist": {
    "sounds": [
      {
        "name": "custom:Gastroenterologist",
        "stream": false
      }
    ]
  },
  "Gastronomic": {
    "sounds": [
      {
        "name": "custom:Gastronomic",
        "stream": false
      }
    ]
  },
  "Gazebo": {
    "sounds": [
      {
        "name": "custom:Gazebo",
        "stream": false
      }
    ]
  },
  "Gegenstandstheorie": {
    "sounds": [
      {
        "name": "custom:Gegenstandstheorie",
        "stream": false
      }
    ]
  },
  "Geitonogamy": {
    "sounds": [
      {
        "name": "custom:Geitonogamy",
        "stream": false
      }
    ]
  },
  "Gender": {
    "sounds": [
      {
        "name": "custom:Gender",
        "stream": false
      }
    ]
  },
  "Gentrification": {
    "sounds": [
      {
        "name": "custom:Gentrification",
        "stream": false
      }
    ]
  },
  "Giant": {
    "sounds": [
      {
        "name": "custom:Giant",
        "stream": false
      }
    ]
  },
  "Gibberish": {
    "sounds": [
      {
        "name": "custom:Gibberish",
        "stream": false
      }
    ]
  },
  "Glaucomatous": {
    "sounds": [
      {
        "name": "custom:Glaucomatous",
        "stream": false
      }
    ]
  },
  "Glockenspiel": {
    "sounds": [
      {
        "name": "custom:Glockenspiel",
        "stream": false
      }
    ]
  },
  "Glyceraldehyde": {
    "sounds": [
      {
        "name": "custom:Glyceraldehyde",
        "stream": false
      }
    ]
  },
  "Gold": {
    "sounds": [
      {
        "name": "custom:Gold",
        "stream": false
      }
    ]
  },
  "Gradual": {
    "sounds": [
      {
        "name": "custom:Gradual",
        "stream": false
      }
    ]
  },
  "Greedy": {
    "sounds": [
      {
        "name": "custom:Greedy",
        "stream": false
      }
    ]
  },
  "Green": {
    "sounds": [
      {
        "name": "custom:Green",
        "stream": false
      }
    ]
  },
  "Grub": {
    "sounds": [
      {
        "name": "custom:Grub",
        "stream": false
      }
    ]
  },
  "Gubernatorial": {
    "sounds": [
      {
        "name": "custom:Gubernatorial",
        "stream": false
      }
    ]
  },
  "Guideline": {
    "sounds": [
      {
        "name": "custom:Guideline",
        "stream": false
      }
    ]
  },
  "Handkerchief": {
    "sounds": [
      {
        "name": "custom:Handkerchief",
        "stream": false
      }
    ]
  },
  "Harbor": {
    "sounds": [
      {
        "name": "custom:Harbor",
        "stream": false
      }
    ]
  },
  "Harpsichord": {
    "sounds": [
      {
        "name": "custom:Harpsichord",
        "stream": false
      }
    ]
  },
  "Hemispherectomy": {
    "sounds": [
      {
        "name": "custom:Hemispherectomy",
        "stream": false
      }
    ]
  },
  "Heresy": {
    "sounds": [
      {
        "name": "custom:Heresy",
        "stream": false
      }
    ]
  },
  "Heterozygous": {
    "sounds": [
      {
        "name": "custom:Heterozygous",
        "stream": false
      }
    ]
  },
  "Hexagonal": {
    "sounds": [
      {
        "name": "custom:Hexagonal",
        "stream": false
      }
    ]
  },
  "Hexakosioihexekontahexaphobia": {
    "sounds": [
      {
        "name": "custom:Hexakosioihexekontahexaphobia",
        "stream": false
      }
    ]
  },
  "Hierarchy": {
    "sounds": [
      {
        "name": "custom:Hierarchy",
        "stream": false
      }
    ]
  },
  "Hieroglyphics": {
    "sounds": [
      {
        "name": "custom:Hieroglyphics",
        "stream": false
      }
    ]
  },
  "Hippopotomonstrosesquippedaliophobia": {
    "sounds": [
      {
        "name": "custom:Hippopotomonstrosesquippedaliophobia",
        "stream": false
      }
    ]
  },
  "Homeopathy": {
    "sounds": [
      {
        "name": "custom:Homeopathy",
        "stream": false
      }
    ]
  },
  "Homogeneous": {
    "sounds": [
      {
        "name": "custom:Homogeneous",
        "stream": false
      }
    ]
  },
  "Honorificabilitudinity": {
    "sounds": [
      {
        "name": "custom:Honorificabilitudinity",
        "stream": false
      }
    ]
  },
  "Hornswoggle": {
    "sounds": [
      {
        "name": "custom:Hornswoggle",
        "stream": false
      }
    ]
  },
  "Hotel": {
    "sounds": [
      {
        "name": "custom:Hotel",
        "stream": false
      }
    ]
  },
  "Hourglass": {
    "sounds": [
      {
        "name": "custom:Hourglass",
        "stream": false
      }
    ]
  },
  "House": {
    "sounds": [
      {
        "name": "custom:House",
        "stream": false
      }
    ]
  },
  "Human": {
    "sounds": [
      {
        "name": "custom:Human",
        "stream": false
      }
    ]
  },
  "Humanitarian": {
    "sounds": [
      {
        "name": "custom:Humanitarian",
        "stream": false
      }
    ]
  },
  "Hungry": {
    "sounds": [
      {
        "name": "custom:Hungry",
        "stream": false
      }
    ]
  },
  "Hypoparathyroidism": {
    "sounds": [
      {
        "name": "custom:Hypoparathyroidism",
        "stream": false
      }
    ]
  },
  "Iconoclast": {
    "sounds": [
      {
        "name": "custom:Iconoclast",
        "stream": false
      }
    ]
  },
  "Ideological": {
    "sounds": [
      {
        "name": "custom:Ideological",
        "stream": false
      }
    ]
  },
  "Idiom": {
    "sounds": [
      {
        "name": "custom:Idiom",
        "stream": false
      }
    ]
  },
  "Imminent": {
    "sounds": [
      {
        "name": "custom:Imminent",
        "stream": false
      }
    ]
  },
  "Imprisonment": {
    "sounds": [
      {
        "name": "custom:Imprisonment",
        "stream": false
      }
    ]
  },
  "Inchoate": {
    "sounds": [
      {
        "name": "custom:Inchoate",
        "stream": false
      }
    ]
  },
  "Incomprehensibility": {
    "sounds": [
      {
        "name": "custom:Incomprehensibility",
        "stream": false
      }
    ]
  },
  "Indefatigable": {
    "sounds": [
      {
        "name": "custom:Indefatigable",
        "stream": false
      }
    ]
  },
  "Independence": {
    "sounds": [
      {
        "name": "custom:Independence",
        "stream": false
      }
    ]
  },
  "Indifference": {
    "sounds": [
      {
        "name": "custom:Indifference",
        "stream": false
      }
    ]
  },
  "Infinitesimal": {
    "sounds": [
      {
        "name": "custom:Infinitesimal",
        "stream": false
      }
    ]
  },
  "Infundibulum": {
    "sounds": [
      {
        "name": "custom:Infundibulum",
        "stream": false
      }
    ]
  },
  "Ingenious": {
    "sounds": [
      {
        "name": "custom:Ingenious",
        "stream": false
      }
    ]
  },
  "Ink": {
    "sounds": [
      {
        "name": "custom:Ink",
        "stream": false
      }
    ]
  },
  "Institutionalization": {
    "sounds": [
      {
        "name": "custom:Institutionalization",
        "stream": false
      }
    ]
  },
  "Integrity": {
    "sounds": [
      {
        "name": "custom:Integrity",
        "stream": false
      }
    ]
  },
  "Intent": {
    "sounds": [
      {
        "name": "custom:Intent",
        "stream": false
      }
    ]
  },
  "Intermediate": {
    "sounds": [
      {
        "name": "custom:Intermediate",
        "stream": false
      }
    ]
  },
  "Intermission": {
    "sounds": [
      {
        "name": "custom:Intermission",
        "stream": false
      }
    ]
  },
  "Iron": {
    "sounds": [
      {
        "name": "custom:Iron",
        "stream": false
      }
    ]
  },
  "Irony": {
    "sounds": [
      {
        "name": "custom:Irony",
        "stream": false
      }
    ]
  },
  "Isometropia": {
    "sounds": [
      {
        "name": "custom:Isometropia",
        "stream": false
      }
    ]
  },
  "Isthmus": {
    "sounds": [
      {
        "name": "custom:Isthmus",
        "stream": false
      }
    ]
  },
  "Jurisprudence": {
    "sounds": [
      {
        "name": "custom:Jurisprudence",
        "stream": false
      }
    ]
  },
  "Juxtaposition": {
    "sounds": [
      {
        "name": "custom:Juxtaposition",
        "stream": false
      }
    ]
  },
  "Kaleidoscope": {
    "sounds": [
      {
        "name": "custom:Kaleidoscope",
        "stream": false
      }
    ]
  },
  "Kangaroo": {
    "sounds": [
      {
        "name": "custom:Kangaroo",
        "stream": false
      }
    ]
  },
  "Kiss": {
    "sounds": [
      {
        "name": "custom:Kiss",
        "stream": false
      }
    ]
  },
  "Lactose": {
    "sounds": [
      {
        "name": "custom:Lactose",
        "stream": false
      }
    ]
  },
  "Languid": {
    "sounds": [
      {
        "name": "custom:Languid",
        "stream": false
      }
    ]
  },
  "Laryngotracheobronchitis": {
    "sounds": [
      {
        "name": "custom:Laryngotracheobronchitis",
        "stream": false
      }
    ]
  },
  "Lather": {
    "sounds": [
      {
        "name": "custom:Lather",
        "stream": false
      }
    ]
  },
  "Legendary": {
    "sounds": [
      {
        "name": "custom:Legendary",
        "stream": false
      }
    ]
  },
  "Legislation": {
    "sounds": [
      {
        "name": "custom:Legislation",
        "stream": false
      }
    ]
  },
  "Length": {
    "sounds": [
      {
        "name": "custom:Length",
        "stream": false
      }
    ]
  },
  "Lepidopterology": {
    "sounds": [
      {
        "name": "custom:Lepidopterology",
        "stream": false
      }
    ]
  },
  "Lexicography": {
    "sounds": [
      {
        "name": "custom:Lexicography",
        "stream": false
      }
    ]
  },
  "Liable": {
    "sounds": [
      {
        "name": "custom:Liable",
        "stream": false
      }
    ]
  },
  "Liaison": {
    "sounds": [
      {
        "name": "custom:Liaison",
        "stream": false
      }
    ]
  },
  "Lightning": {
    "sounds": [
      {
        "name": "custom:Lightning",
        "stream": false
      }
    ]
  },
  "Limousine": {
    "sounds": [
      {
        "name": "custom:Limousine",
        "stream": false
      }
    ]
  },
  "Livery": {
    "sounds": [
      {
        "name": "custom:Livery",
        "stream": false
      }
    ]
  },
  "Macabre": {
    "sounds": [
      {
        "name": "custom:Macabre",
        "stream": false
      }
    ]
  },
  "Machiavellian": {
    "sounds": [
      {
        "name": "custom:Machiavellian",
        "stream": false
      }
    ]
  },
  "Magnificent": {
    "sounds": [
      {
        "name": "custom:Magnificent",
        "stream": false
      }
    ]
  },
  "Malapropism": {
    "sounds": [
      {
        "name": "custom:Malapropism",
        "stream": false
      }
    ]
  },
  "Margin": {
    "sounds": [
      {
        "name": "custom:Margin",
        "stream": false
      }
    ]
  },
  "Martyrdom": {
    "sounds": [
      {
        "name": "custom:Martyrdom",
        "stream": false
      }
    ]
  },
  "Mathematician": {
    "sounds": [
      {
        "name": "custom:Mathematician",
        "stream": false
      }
    ]
  },
  "Mechanotransduction": {
    "sounds": [
      {
        "name": "custom:Mechanotransduction",
        "stream": false
      }
    ]
  },
  "Meditate": {
    "sounds": [
      {
        "name": "custom:Meditate",
        "stream": false
      }
    ]
  },
  "Melancholy": {
    "sounds": [
      {
        "name": "custom:Melancholy",
        "stream": false
      }
    ]
  },
  "Mellifluous": {
    "sounds": [
      {
        "name": "custom:Mellifluous",
        "stream": false
      }
    ]
  },
  "Menagerie": {
    "sounds": [
      {
        "name": "custom:Menagerie",
        "stream": false
      }
    ]
  },
  "Methodology": {
    "sounds": [
      {
        "name": "custom:Methodology",
        "stream": false
      }
    ]
  },
  "Metonymic": {
    "sounds": [
      {
        "name": "custom:Metonymic",
        "stream": false
      }
    ]
  },
  "Microorganism": {
    "sounds": [
      {
        "name": "custom:Microorganism",
        "stream": false
      }
    ]
  },
  "Milieu": {
    "sounds": [
      {
        "name": "custom:Milieu",
        "stream": false
      }
    ]
  },
  "Milk": {
    "sounds": [
      {
        "name": "custom:Milk",
        "stream": false
      }
    ]
  },
  "Miscellaneous": {
    "sounds": [
      {
        "name": "custom:Miscellaneous",
        "stream": false
      }
    ]
  },
  "Misconception": {
    "sounds": [
      {
        "name": "custom:Misconception",
        "stream": false
      }
    ]
  },
  "Mix": {
    "sounds": [
      {
        "name": "custom:Mix",
        "stream": false
      }
    ]
  },
  "Mom": {
    "sounds": [
      {
        "name": "custom:Mom",
        "stream": false
      }
    ]
  },
  "Monk": {
    "sounds": [
      {
        "name": "custom:Monk",
        "stream": false
      }
    ]
  },
  "Monochromatic": {
    "sounds": [
      {
        "name": "custom:Monochromatic",
        "stream": false
      }
    ]
  },
  "Monosyllabic": {
    "sounds": [
      {
        "name": "custom:Monosyllabic",
        "stream": false
      }
    ]
  },
  "Moon": {
    "sounds": [
      {
        "name": "custom:Moon",
        "stream": false
      }
    ]
  },
  "Municipal": {
    "sounds": [
      {
        "name": "custom:Municipal",
        "stream": false
      }
    ]
  },
  "Myopic": {
    "sounds": [
      {
        "name": "custom:Myopic",
        "stream": false
      }
    ]
  },
  "Myriad": {
    "sounds": [
      {
        "name": "custom:Myriad",
        "stream": false
      }
    ]
  },
  "Narcissistic": {
    "sounds": [
      {
        "name": "custom:Narcissistic",
        "stream": false
      }
    ]
  },
  "Nauseous": {
    "sounds": [
      {
        "name": "custom:Nauseous",
        "stream": false
      }
    ]
  },
  "Necromancer": {
    "sounds": [
      {
        "name": "custom:Necromancer",
        "stream": false
      }
    ]
  },
  "Negotiation": {
    "sounds": [
      {
        "name": "custom:Negotiation",
        "stream": false
      }
    ]
  },
  "Neuroplasticity": {
    "sounds": [
      {
        "name": "custom:Neuroplasticity",
        "stream": false
      }
    ]
  },
  "Neuropsychological": {
    "sounds": [
      {
        "name": "custom:Neuropsychological",
        "stream": false
      }
    ]
  },
  "Nomenclature": {
    "sounds": [
      {
        "name": "custom:Nomenclature",
        "stream": false
      }
    ]
  },
  "Nonplussed": {
    "sounds": [
      {
        "name": "custom:Nonplussed",
        "stream": false
      }
    ]
  },
  "Normal": {
    "sounds": [
      {
        "name": "custom:Normal",
        "stream": false
      }
    ]
  },
  "Notorious": {
    "sounds": [
      {
        "name": "custom:Notorious",
        "stream": false
      }
    ]
  },
  "Oasis": {
    "sounds": [
      {
        "name": "custom:Oasis",
        "stream": false
      }
    ]
  },
  "Obesity": {
    "sounds": [
      {
        "name": "custom:Obesity",
        "stream": false
      }
    ]
  },
  "Obfuscation": {
    "sounds": [
      {
        "name": "custom:Obfuscation",
        "stream": false
      }
    ]
  },
  "Obituary": {
    "sounds": [
      {
        "name": "custom:Obituary",
        "stream": false
      }
    ]
  },
  "Oblivious": {
    "sounds": [
      {
        "name": "custom:Oblivious",
        "stream": false
      }
    ]
  },
  "Offender": {
    "sounds": [
      {
        "name": "custom:Offender",
        "stream": false
      }
    ]
  },
  "Oligonucleotide": {
    "sounds": [
      {
        "name": "custom:Oligonucleotide",
        "stream": false
      }
    ]
  },
  "Onomatopoeia": {
    "sounds": [
      {
        "name": "custom:Onomatopoeia",
        "stream": false
      }
    ]
  },
  "Opaque": {
    "sounds": [
      {
        "name": "custom:Opaque",
        "stream": false
      }
    ]
  },
  "Optimism": {
    "sounds": [
      {
        "name": "custom:Optimism",
        "stream": false
      }
    ]
  },
  "Orange": {
    "sounds": [
      {
        "name": "custom:Orange",
        "stream": false
      }
    ]
  },
  "Orthogeosyncline": {
    "sounds": [
      {
        "name": "custom:Orthogeosyncline",
        "stream": false
      }
    ]
  },
  "Otorhinolaryngological": {
    "sounds": [
      {
        "name": "custom:Otorhinolaryngological",
        "stream": false
      }
    ]
  },
  "Palatine": {
    "sounds": [
      {
        "name": "custom:Palatine",
        "stream": false
      }
    ]
  },
  "Pantograph": {
    "sounds": [
      {
        "name": "custom:Pantograph",
        "stream": false
      }
    ]
  },
  "Paradigm": {
    "sounds": [
      {
        "name": "custom:Paradigm",
        "stream": false
      }
    ]
  },
  "Paradox": {
    "sounds": [
      {
        "name": "custom:Paradox",
        "stream": false
      }
    ]
  },
  "Parallel": {
    "sounds": [
      {
        "name": "custom:Parallel",
        "stream": false
      }
    ]
  },
  "Parallelogrammatic": {
    "sounds": [
      {
        "name": "custom:Parallelogrammatic",
        "stream": false
      }
    ]
  },
  "Paraphernalia": {
    "sounds": [
      {
        "name": "custom:Paraphernalia",
        "stream": false
      }
    ]
  },
  "Parliamentary": {
    "sounds": [
      {
        "name": "custom:Parliamentary",
        "stream": false
      }
    ]
  },
  "Paroxysm": {
    "sounds": [
      {
        "name": "custom:Paroxysm",
        "stream": false
      }
    ]
  },
  "Participation": {
    "sounds": [
      {
        "name": "custom:Participation",
        "stream": false
      }
    ]
  },
  "Passionate": {
    "sounds": [
      {
        "name": "custom:Passionate",
        "stream": false
      }
    ]
  },
  "Password": {
    "sounds": [
      {
        "name": "custom:Password",
        "stream": false
      }
    ]
  },
  "Pasta": {
    "sounds": [
      {
        "name": "custom:Pasta",
        "stream": false
      }
    ]
  },
  "Pecuniary": {
    "sounds": [
      {
        "name": "custom:Pecuniary",
        "stream": false
      }
    ]
  },
  "Peppermint": {
    "sounds": [
      {
        "name": "custom:Peppermint",
        "stream": false
      }
    ]
  },
  "Periodically": {
    "sounds": [
      {
        "name": "custom:Periodically",
        "stream": false
      }
    ]
  },
  "Personnel": {
    "sounds": [
      {
        "name": "custom:Personnel",
        "stream": false
      }
    ]
  },
  "Perspicacious": {
    "sounds": [
      {
        "name": "custom:Perspicacious",
        "stream": false
      }
    ]
  },
  "Pessimistic": {
    "sounds": [
      {
        "name": "custom:Pessimistic",
        "stream": false
      }
    ]
  },
  "Pestilence": {
    "sounds": [
      {
        "name": "custom:Pestilence",
        "stream": false
      }
    ]
  },
  "Phenomenon": {
    "sounds": [
      {
        "name": "custom:Phenomenon",
        "stream": false
      }
    ]
  },
  "Phlegm": {
    "sounds": [
      {
        "name": "custom:Phlegm",
        "stream": false
      }
    ]
  },
  "Photographer": {
    "sounds": [
      {
        "name": "custom:Photographer",
        "stream": false
      }
    ]
  },
  "Photoplethysmography": {
    "sounds": [
      {
        "name": "custom:Photoplethysmography",
        "stream": false
      }
    ]
  },
  "Pink": {
    "sounds": [
      {
        "name": "custom:Pink",
        "stream": false
      }
    ]
  },
  "Pirouette": {
    "sounds": [
      {
        "name": "custom:Pirouette",
        "stream": false
      }
    ]
  },
  "Plenipotentiary": {
    "sounds": [
      {
        "name": "custom:Plenipotentiary",
        "stream": false
      }
    ]
  },
  "Plethora": {
    "sounds": [
      {
        "name": "custom:Plethora",
        "stream": false
      }
    ]
  },
  "Pneumoencephalography": {
    "sounds": [
      {
        "name": "custom:Pneumoencephalography",
        "stream": false
      }
    ]
  },
  "Pneumonoultramicroscopicsilicovolcanoconiosis": {
    "sounds": [
      {
        "name": "custom:Pneumonoultramicroscopicsilicovolcanoconiosis",
        "stream": false
      }
    ]
  },
  "Polydactyly": {
    "sounds": [
      {
        "name": "custom:Polydactyly",
        "stream": false
      }
    ]
  },
  "Polyphiloprogenitive": {
    "sounds": [
      {
        "name": "custom:Polyphiloprogenitive",
        "stream": false
      }
    ]
  },
  "Pomegranate": {
    "sounds": [
      {
        "name": "custom:Pomegranate",
        "stream": false
      }
    ]
  },
  "Portfolio": {
    "sounds": [
      {
        "name": "custom:Portfolio",
        "stream": false
      }
    ]
  },
  "Portmanteau": {
    "sounds": [
      {
        "name": "custom:Portmanteau",
        "stream": false
      }
    ]
  },
  "Powder": {
    "sounds": [
      {
        "name": "custom:Powder",
        "stream": false
      }
    ]
  },
  "Power": {
    "sounds": [
      {
        "name": "custom:Power",
        "stream": false
      }
    ]
  },
  "Prank": {
    "sounds": [
      {
        "name": "custom:Prank",
        "stream": false
      }
    ]
  },
  "Predecessor": {
    "sounds": [
      {
        "name": "custom:Predecessor",
        "stream": false
      }
    ]
  },
  "Predominantly": {
    "sounds": [
      {
        "name": "custom:Predominantly",
        "stream": false
      }
    ]
  },
  "Prestigious": {
    "sounds": [
      {
        "name": "custom:Prestigious",
        "stream": false
      }
    ]
  },
  "Probably": {
    "sounds": [
      {
        "name": "custom:Probably",
        "stream": false
      }
    ]
  },
  "Problematic": {
    "sounds": [
      {
        "name": "custom:Problematic",
        "stream": false
      }
    ]
  },
  "Proclamation": {
    "sounds": [
      {
        "name": "custom:Proclamation",
        "stream": false
      }
    ]
  },
  "Procrastinate": {
    "sounds": [
      {
        "name": "custom:Procrastinate",
        "stream": false
      }
    ]
  },
  "Pronunciation": {
    "sounds": [
      {
        "name": "custom:Pronunciation",
        "stream": false
      }
    ]
  },
  "Proof": {
    "sounds": [
      {
        "name": "custom:Proof",
        "stream": false
      }
    ]
  },
  "Propaganda": {
    "sounds": [
      {
        "name": "custom:Propaganda",
        "stream": false
      }
    ]
  },
  "Pseudopseudohypoparathyroidism": {
    "sounds": [
      {
        "name": "custom:Pseudopseudohypoparathyroidism",
        "stream": false
      }
    ]
  },
  "Pseudorhombicuboctahedron": {
    "sounds": [
      {
        "name": "custom:Pseudorhombicuboctahedron",
        "stream": false
      }
    ]
  },
  "Psychological": {
    "sounds": [
      {
        "name": "custom:Psychological",
        "stream": false
      }
    ]
  },
  "Psychoneuroendocrinological": {
    "sounds": [
      {
        "name": "custom:Psychoneuroendocrinological",
        "stream": false
      }
    ]
  },
  "Psychoneuroimmunology": {
    "sounds": [
      {
        "name": "custom:Psychoneuroimmunology",
        "stream": false
      }
    ]
  },
  "Psychophysicotherapeutics": {
    "sounds": [
      {
        "name": "custom:Psychophysicotherapeutics",
        "stream": false
      }
    ]
  },
  "Puerile": {
    "sounds": [
      {
        "name": "custom:Puerile",
        "stream": false
      }
    ]
  },
  "Pugnacious": {
    "sounds": [
      {
        "name": "custom:Pugnacious",
        "stream": false
      }
    ]
  },
  "Pulchritudinous": {
    "sounds": [
      {
        "name": "custom:Pulchritudinous",
        "stream": false
      }
    ]
  },
  "Purple": {
    "sounds": [
      {
        "name": "custom:Purple",
        "stream": false
      }
    ]
  },
  "Pursuit": {
    "sounds": [
      {
        "name": "custom:Pursuit",
        "stream": false
      }
    ]
  },
  "Pusillanimous": {
    "sounds": [
      {
        "name": "custom:Pusillanimous",
        "stream": false
      }
    ]
  },
  "Pygmy": {
    "sounds": [
      {
        "name": "custom:Pygmy",
        "stream": false
      }
    ]
  },
  "Quack": {
    "sounds": [
      {
        "name": "custom:Quack",
        "stream": false
      }
    ]
  },
  "Quasiautobiographical": {
    "sounds": [
      {
        "name": "custom:Quasiautobiographical",
        "stream": false
      }
    ]
  },
  "Quasquicentennial": {
    "sounds": [
      {
        "name": "custom:Quasquicentennial",
        "stream": false
      }
    ]
  },
  "Queen": {
    "sounds": [
      {
        "name": "custom:Queen",
        "stream": false
      }
    ]
  },
  "Querimony": {
    "sounds": [
      {
        "name": "custom:Querimony",
        "stream": false
      }
    ]
  },
  "Quill": {
    "sounds": [
      {
        "name": "custom:Quill",
        "stream": false
      }
    ]
  },
  "Quindecasyllabic": {
    "sounds": [
      {
        "name": "custom:Quindecasyllabic",
        "stream": false
      }
    ]
  },
  "Quixotry": {
    "sounds": [
      {
        "name": "custom:Quixotry",
        "stream": false
      }
    ]
  },
  "Quoddamodotative": {
    "sounds": [
      {
        "name": "custom:Quoddamodotative",
        "stream": false
      }
    ]
  },
  "Radiometeorograph": {
    "sounds": [
      {
        "name": "custom:Radiometeorograph",
        "stream": false
      }
    ]
  },
  "Rain": {
    "sounds": [
      {
        "name": "custom:Rain",
        "stream": false
      }
    ]
  },
  "Rally": {
    "sounds": [
      {
        "name": "custom:Rally",
        "stream": false
      }
    ]
  },
  "Rambunctious": {
    "sounds": [
      {
        "name": "custom:Rambunctious",
        "stream": false
      }
    ]
  },
  "Random": {
    "sounds": [
      {
        "name": "custom:Random",
        "stream": false
      }
    ]
  },
  "Ravenous": {
    "sounds": [
      {
        "name": "custom:Ravenous",
        "stream": false
      }
    ]
  },
  "Recession": {
    "sounds": [
      {
        "name": "custom:Recession",
        "stream": false
      }
    ]
  },
  "Recipient": {
    "sounds": [
      {
        "name": "custom:Recipient",
        "stream": false
      }
    ]
  },
  "Red": {
    "sounds": [
      {
        "name": "custom:Red",
        "stream": false
      }
    ]
  },
  "Refrain": {
    "sounds": [
      {
        "name": "custom:Refrain",
        "stream": false
      }
    ]
  },
  "Refugee": {
    "sounds": [
      {
        "name": "custom:Refugee",
        "stream": false
      }
    ]
  },
  "Rehabilitation": {
    "sounds": [
      {
        "name": "custom:Rehabilitation",
        "stream": false
      }
    ]
  },
  "Reincarnation": {
    "sounds": [
      {
        "name": "custom:Reincarnation",
        "stream": false
      }
    ]
  },
  "Reliability": {
    "sounds": [
      {
        "name": "custom:Reliability",
        "stream": false
      }
    ]
  },
  "Remarkable": {
    "sounds": [
      {
        "name": "custom:Remarkable",
        "stream": false
      }
    ]
  },
  "Reminiscence": {
    "sounds": [
      {
        "name": "custom:Reminiscence",
        "stream": false
      }
    ]
  },
  "Rendezvous": {
    "sounds": [
      {
        "name": "custom:Rendezvous",
        "stream": false
      }
    ]
  },
  "Reply": {
    "sounds": [
      {
        "name": "custom:Reply",
        "stream": false
      }
    ]
  },
  "Residential": {
    "sounds": [
      {
        "name": "custom:Residential",
        "stream": false
      }
    ]
  },
  "Resilience": {
    "sounds": [
      {
        "name": "custom:Resilience",
        "stream": false
      }
    ]
  },
  "Resurrection": {
    "sounds": [
      {
        "name": "custom:Resurrection",
        "stream": false
      }
    ]
  },
  "Revelation": {
    "sounds": [
      {
        "name": "custom:Revelation",
        "stream": false
      }
    ]
  },
  "Rhythm": {
    "sounds": [
      {
        "name": "custom:Rhythm",
        "stream": false
      }
    ]
  },
  "Ricochet": {
    "sounds": [
      {
        "name": "custom:Ricochet",
        "stream": false
      }
    ]
  },
  "Robust": {
    "sounds": [
      {
        "name": "custom:Robust",
        "stream": false
      }
    ]
  },
  "Ruby": {
    "sounds": [
      {
        "name": "custom:Ruby",
        "stream": false
      }
    ]
  },
  "Sagacious": {
    "sounds": [
      {
        "name": "custom:Sagacious",
        "stream": false
      }
    ]
  },
  "Sapphire": {
    "sounds": [
      {
        "name": "custom:Sapphire",
        "stream": false
      }
    ]
  },
  "Sarcophagus": {
    "sounds": [
      {
        "name": "custom:Sarcophagus",
        "stream": false
      }
    ]
  },
  "Sclerectoiridectomy": {
    "sounds": [
      {
        "name": "custom:Sclerectoiridectomy",
        "stream": false
      }
    ]
  },
  "Scrutiny": {
    "sounds": [
      {
        "name": "custom:Scrutiny",
        "stream": false
      }
    ]
  },
  "Secret": {
    "sounds": [
      {
        "name": "custom:Secret",
        "stream": false
      }
    ]
  },
  "Seldom": {
    "sounds": [
      {
        "name": "custom:Seldom",
        "stream": false
      }
    ]
  },
  "Semaphore": {
    "sounds": [
      {
        "name": "custom:Semaphore",
        "stream": false
      }
    ]
  },
  "Semicircle": {
    "sounds": [
      {
        "name": "custom:Semicircle",
        "stream": false
      }
    ]
  },
  "Sentimental": {
    "sounds": [
      {
        "name": "custom:Sentimental",
        "stream": false
      }
    ]
  },
  "Separation": {
    "sounds": [
      {
        "name": "custom:Separation",
        "stream": false
      }
    ]
  },
  "Sequoia": {
    "sounds": [
      {
        "name": "custom:Sequoia",
        "stream": false
      }
    ]
  },
  "Serendipity": {
    "sounds": [
      {
        "name": "custom:Serendipity",
        "stream": false
      }
    ]
  },
  "Sesquipedalian": {
    "sounds": [
      {
        "name": "custom:Sesquipedalian",
        "stream": false
      }
    ]
  },
  "Shake": {
    "sounds": [
      {
        "name": "custom:Shake",
        "stream": false
      }
    ]
  },
  "Shareholder": {
    "sounds": [
      {
        "name": "custom:Shareholder",
        "stream": false
      }
    ]
  },
  "Sigh": {
    "sounds": [
      {
        "name": "custom:Sigh",
        "stream": false
      }
    ]
  },
  "Significance": {
    "sounds": [
      {
        "name": "custom:Significance",
        "stream": false
      }
    ]
  },
  "Silhouette": {
    "sounds": [
      {
        "name": "custom:Silhouette",
        "stream": false
      }
    ]
  },
  "Simultaneous": {
    "sounds": [
      {
        "name": "custom:Simultaneous",
        "stream": false
      }
    ]
  },
  "Size": {
    "sounds": [
      {
        "name": "custom:Size",
        "stream": false
      }
    ]
  },
  "Sniffle": {
    "sounds": [
      {
        "name": "custom:Sniffle",
        "stream": false
      }
    ]
  },
  "Snow": {
    "sounds": [
      {
        "name": "custom:Snow",
        "stream": false
      }
    ]
  },
  "Soda": {
    "sounds": [
      {
        "name": "custom:Soda",
        "stream": false
      }
    ]
  },
  "Solidarity": {
    "sounds": [
      {
        "name": "custom:Solidarity",
        "stream": false
      }
    ]
  },
  "Soliloquy": {
    "sounds": [
      {
        "name": "custom:Soliloquy",
        "stream": false
      }
    ]
  },
  "Sovereignty": {
    "sounds": [
      {
        "name": "custom:Sovereignty",
        "stream": false
      }
    ]
  },
  "Special": {
    "sounds": [
      {
        "name": "custom:Special",
        "stream": false
      }
    ]
  },
  "Spectrophotofluorometry": {
    "sounds": [
      {
        "name": "custom:Spectrophotofluorometry",
        "stream": false
      }
    ]
  },
  "Spectrophotometer": {
    "sounds": [
      {
        "name": "custom:Spectrophotometer",
        "stream": false
      }
    ]
  },
  "Sphygmomanometer": {
    "sounds": [
      {
        "name": "custom:Sphygmomanometer",
        "stream": false
      }
    ]
  },
  "Spokesperson": {
    "sounds": [
      {
        "name": "custom:Spokesperson",
        "stream": false
      }
    ]
  },
  "Star": {
    "sounds": [
      {
        "name": "custom:Star",
        "stream": false
      }
    ]
  },
  "State": {
    "sounds": [
      {
        "name": "custom:State",
        "stream": false
      }
    ]
  },
  "Steadfast": {
    "sounds": [
      {
        "name": "custom:Steadfast",
        "stream": false
      }
    ]
  },
  "Stereoelectroencephalography": {
    "sounds": [
      {
        "name": "custom:Stereoelectroencephalography",
        "stream": false
      }
    ]
  },
  "Stereotype": {
    "sounds": [
      {
        "name": "custom:Stereotype",
        "stream": false
      }
    ]
  },
  "Still": {
    "sounds": [
      {
        "name": "custom:Still",
        "stream": false
      }
    ]
  },
  "Strategic": {
    "sounds": [
      {
        "name": "custom:Strategic",
        "stream": false
      }
    ]
  },
  "Stumble": {
    "sounds": [
      {
        "name": "custom:Stumble",
        "stream": false
      }
    ]
  },
  "Subcompartmentalization": {
    "sounds": [
      {
        "name": "custom:Subcompartmentalization",
        "stream": false
      }
    ]
  },
  "Subdermatoglyphic": {
    "sounds": [
      {
        "name": "custom:Subdermatoglyphic",
        "stream": false
      }
    ]
  },
  "Subpoena": {
    "sounds": [
      {
        "name": "custom:Subpoena",
        "stream": false
      }
    ]
  },
  "Subsidy": {
    "sounds": [
      {
        "name": "custom:Subsidy",
        "stream": false
      }
    ]
  },
  "Subterranean": {
    "sounds": [
      {
        "name": "custom:Subterranean",
        "stream": false
      }
    ]
  },
  "Suck": {
    "sounds": [
      {
        "name": "custom:Suck",
        "stream": false
      }
    ]
  },
  "Supercalifragilisticexpialidocious": {
    "sounds": [
      {
        "name": "custom:Supercalifragilisticexpialidocious",
        "stream": false
      }
    ]
  },
  "Supererogatory": {
    "sounds": [
      {
        "name": "custom:Supererogatory",
        "stream": false
      }
    ]
  },
  "Superferromagnetism": {
    "sounds": [
      {
        "name": "custom:Superferromagnetism",
        "stream": false
      }
    ]
  },
  "Supposedly": {
    "sounds": [
      {
        "name": "custom:Supposedly",
        "stream": false
      }
    ]
  },
  "Surrogate": {
    "sounds": [
      {
        "name": "custom:Surrogate",
        "stream": false
      }
    ]
  },
  "Surveillance": {
    "sounds": [
      {
        "name": "custom:Surveillance",
        "stream": false
      }
    ]
  },
  "Susceptible": {
    "sounds": [
      {
        "name": "custom:Susceptible",
        "stream": false
      }
    ]
  },
  "Susurration": {
    "sounds": [
      {
        "name": "custom:Susurration",
        "stream": false
      }
    ]
  },
  "Syllable": {
    "sounds": [
      {
        "name": "custom:Syllable",
        "stream": false
      }
    ]
  },
  "Syllepsis": {
    "sounds": [
      {
        "name": "custom:Syllepsis",
        "stream": false
      }
    ]
  },
  "Symbiosis": {
    "sounds": [
      {
        "name": "custom:Symbiosis",
        "stream": false
      }
    ]
  },
  "Symmetrical": {
    "sounds": [
      {
        "name": "custom:Symmetrical",
        "stream": false
      }
    ]
  },
  "Syntax": {
    "sounds": [
      {
        "name": "custom:Syntax",
        "stream": false
      }
    ]
  },
  "Systematic": {
    "sounds": [
      {
        "name": "custom:Systematic",
        "stream": false
      }
    ]
  },
  "Syzygy": {
    "sounds": [
      {
        "name": "custom:Syzygy",
        "stream": false
      }
    ]
  },
  "Tangerine": {
    "sounds": [
      {
        "name": "custom:Tangerine",
        "stream": false
      }
    ]
  },
  "Tank": {
    "sounds": [
      {
        "name": "custom:Tank",
        "stream": false
      }
    ]
  },
  "Telepathy": {
    "sounds": [
      {
        "name": "custom:Telepathy",
        "stream": false
      }
    ]
  },
  "Tempestuous": {
    "sounds": [
      {
        "name": "custom:Tempestuous",
        "stream": false
      }
    ]
  },
  "Tetraphobia": {
    "sounds": [
      {
        "name": "custom:Tetraphobia",
        "stream": false
      }
    ]
  },
  "Thalassophobia": {
    "sounds": [
      {
        "name": "custom:Thalassophobia",
        "stream": false
      }
    ]
  },
  "Therapeutic": {
    "sounds": [
      {
        "name": "custom:Therapeutic",
        "stream": false
      }
    ]
  },
  "Thesaurus": {
    "sounds": [
      {
        "name": "custom:Thesaurus",
        "stream": false
      }
    ]
  },
  "Thesis": {
    "sounds": [
      {
        "name": "custom:Thesis",
        "stream": false
      }
    ]
  },
  "Tintinnabulation": {
    "sounds": [
      {
        "name": "custom:Tintinnabulation",
        "stream": false
      }
    ]
  },
  "Tonsillopharyngitis": {
    "sounds": [
      {
        "name": "custom:Tonsillopharyngitis",
        "stream": false
      }
    ]
  },
  "Town": {
    "sounds": [
      {
        "name": "custom:Town",
        "stream": false
      }
    ]
  },
  "Transaction": {
    "sounds": [
      {
        "name": "custom:Transaction",
        "stream": false
      }
    ]
  },
  "Transinstitutionalization": {
    "sounds": [
      {
        "name": "custom:Transinstitutionalization",
        "stream": false
      }
    ]
  },
  "Translucent": {
    "sounds": [
      {
        "name": "custom:Translucent",
        "stream": false
      }
    ]
  },
  "Transparency": {
    "sounds": [
      {
        "name": "custom:Transparency",
        "stream": false
      }
    ]
  },
  "Transportation": {
    "sounds": [
      {
        "name": "custom:Transportation",
        "stream": false
      }
    ]
  },
  "Trauma": {
    "sounds": [
      {
        "name": "custom:Trauma",
        "stream": false
      }
    ]
  },
  "Tree": {
    "sounds": [
      {
        "name": "custom:Tree",
        "stream": false
      }
    ]
  },
  "Tremendous": {
    "sounds": [
      {
        "name": "custom:Tremendous",
        "stream": false
      }
    ]
  },
  "Triphosphate": {
    "sounds": [
      {
        "name": "custom:Triphosphate",
        "stream": false
      }
    ]
  },
  "Twenty": {
    "sounds": [
      {
        "name": "custom:Twenty",
        "stream": false
      }
    ]
  },
  "Twist": {
    "sounds": [
      {
        "name": "custom:Twist",
        "stream": false
      }
    ]
  },
  "Ubiquitous": {
    "sounds": [
      {
        "name": "custom:Ubiquitous",
        "stream": false
      }
    ]
  },
  "Uncharacteristic": {
    "sounds": [
      {
        "name": "custom:Uncharacteristic",
        "stream": false
      }
    ]
  },
  "Uncomfortable": {
    "sounds": [
      {
        "name": "custom:Uncomfortable",
        "stream": false
      }
    ]
  },
  "Understand": {
    "sounds": [
      {
        "name": "custom:Understand",
        "stream": false
      }
    ]
  },
  "Unprecedented": {
    "sounds": [
      {
        "name": "custom:Unprecedented",
        "stream": false
      }
    ]
  },
  "Update": {
    "sounds": [
      {
        "name": "custom:Update",
        "stream": false
      }
    ]
  },
  "Utilitarianism": {
    "sounds": [
      {
        "name": "custom:Utilitarianism",
        "stream": false
      }
    ]
  },
  "Vague": {
    "sounds": [
      {
        "name": "custom:Vague",
        "stream": false
      }
    ]
  },
  "Validity": {
    "sounds": [
      {
        "name": "custom:Validity",
        "stream": false
      }
    ]
  },
  "Venerate": {
    "sounds": [
      {
        "name": "custom:Venerate",
        "stream": false
      }
    ]
  },
  "Ventriculocisternostomy": {
    "sounds": [
      {
        "name": "custom:Ventriculocisternostomy",
        "stream": false
      }
    ]
  },
  "Verbatim": {
    "sounds": [
      {
        "name": "custom:Verbatim",
        "stream": false
      }
    ]
  },
  "Verisimilitude": {
    "sounds": [
      {
        "name": "custom:Verisimilitude",
        "stream": false
      }
    ]
  },
  "Vexatious": {
    "sounds": [
      {
        "name": "custom:Vexatious",
        "stream": false
      }
    ]
  },
  "Vignette": {
    "sounds": [
      {
        "name": "custom:Vignette",
        "stream": false
      }
    ]
  },
  "Villain": {
    "sounds": [
      {
        "name": "custom:Villain",
        "stream": false
      }
    ]
  },
  "Violation": {
    "sounds": [
      {
        "name": "custom:Violation",
        "stream": false
      }
    ]
  },
  "Voluntary": {
    "sounds": [
      {
        "name": "custom:Voluntary",
        "stream": false
      }
    ]
  },
  "Vulnerability": {
    "sounds": [
      {
        "name": "custom:Vulnerability",
        "stream": false
      }
    ]
  },
  "Water": {
    "sounds": [
      {
        "name": "custom:Water",
        "stream": false
      }
    ]
  },
  "Wednesday": {
    "sounds": [
      {
        "name": "custom:Wednesday",
        "stream": false
      }
    ]
  },
  "White": {
    "sounds": [
      {
        "name": "custom:White",
        "stream": false
      }
    ]
  },
  "Wholeheartedly": {
    "sounds": [
      {
        "name": "custom:Wholeheartedly",
        "stream": false
      }
    ]
  },
  "Wind": {
    "sounds": [
      {
        "name": "custom:Wind",
        "stream": false
      }
    ]
  },
  "Worcestershire": {
    "sounds": [
      {
        "name": "custom:Worcestershire",
        "stream": false
      }
    ]
  },
  "Word": {
    "sounds": [
      {
        "name": "custom:Word",
        "stream": false
      }
    ]
  },
  "Workout": {
    "sounds": [
      {
        "name": "custom:Workout",
        "stream": false
      }
    ]
  },
  "Worthwhile": {
    "sounds": [
      {
        "name": "custom:Worthwhile",
        "stream": false
      }
    ]
  },
  "Wrist": {
    "sounds": [
      {
        "name": "custom:Wrist",
        "stream": false
      }
    ]
  },
  "Xenogeneic": {
    "sounds": [
      {
        "name": "custom:Xenogeneic",
        "stream": false
      }
    ]
  },
  "Xylotypographic": {
    "sounds": [
      {
        "name": "custom:Xylotypographic",
        "stream": false
      }
    ]
  },
  "Zoo": {
    "sounds": [
      {
        "name": "custom:Zoo",
        "stream": false
      }
    ]
  },
  "Zygote": {
    "sounds": [
      {
        "name": "custom:Zygote",
        "stream": false
      }
    ]
  },
  "custom.spell": {
    "sounds": [
      {
        "name": "custom:spell1",
	"name": "custom:spell2",
	"name": "custom:spell3",
	"name": "custom:spell4",
	"name": "custom:spell5",
        "stream": false
      }
    ]
  }
}