{
  "abacaxi": {
    "sounds": [
      {
        "name": "custom:Abacaxi",
        "stream": false
      }
    ]
  },
  "abasia": {
    "sounds": [
      {
        "name": "custom:Abasia",
        "stream": false
      }
    ]
  },
  "abditive": {
    "sounds": [
      {
        "name": "custom:Abditive",
        "stream": false
      }
    ]
  },
  "abdomen": {
    "sounds": [
      {
        "name": "custom:Abdomen",
        "stream": false
      }
    ]
  },
  "abdominothoracic": {
    "sounds": [
      {
        "name": "custom:Abdominothoracic",
        "stream": false
      }
    ]
  },
  "abhorrent": {
    "sounds": [
      {
        "name": "custom:Abhorrent",
        "stream": false
      }
    ]
  },
  "abolish": {
    "sounds": [
      {
        "name": "custom:Abolish",
        "stream": false
      }
    ]
  },
  "absence": {
    "sounds": [
      {
        "name": "custom:Absence",
        "stream": false
      }
    ]
  },
  "absorb": {
    "sounds": [
      {
        "name": "custom:Absorb",
        "stream": false
      }
    ]
  },
  "abstract": {
    "sounds": [
      {
        "name": "custom:Abstract",
        "stream": false
      }
    ]
  },
  "accommodate": {
    "sounds": [
      {
        "name": "custom:Accommodate",
        "stream": false
      }
    ]
  },
  "accomplishment": {
    "sounds": [
      {
        "name": "custom:Accomplishment",
        "stream": false
      }
    ]
  },
  "acculturate": {
    "sounds": [
      {
        "name": "custom:Acculturate",
        "stream": false
      }
    ]
  },
  "accumulation": {
    "sounds": [
      {
        "name": "custom:Accumulation",
        "stream": false
      }
    ]
  },
  "acetaminophen": {
    "sounds": [
      {
        "name": "custom:Acetaminophen",
        "stream": false
      }
    ]
  },
  "achromatophil": {
    "sounds": [
      {
        "name": "custom:Achromatophil",
        "stream": false
      }
    ]
  },
  "acquiesce": {
    "sounds": [
      {
        "name": "custom:Acquiesce",
        "stream": false
      }
    ]
  },
  "adrenocorticotropin": {
    "sounds": [
      {
        "name": "custom:Adrenocorticotropin",
        "stream": false
      }
    ]
  },
  "adversity": {
    "sounds": [
      {
        "name": "custom:Adversity",
        "stream": false
      }
    ]
  },
  "aegis": {
    "sounds": [
      {
        "name": "custom:Aegis",
        "stream": false
      }
    ]
  },
  "aerodynamic": {
    "sounds": [
      {
        "name": "custom:Aerodynamic",
        "stream": false
      }
    ]
  },
  "aforementioned": {
    "sounds": [
      {
        "name": "custom:Aforementioned",
        "stream": false
      }
    ]
  },
  "agaric": {
    "sounds": [
      {
        "name": "custom:Agaric",
        "stream": false
      }
    ]
  },
  "aggrandize": {
    "sounds": [
      {
        "name": "custom:Aggrandize",
        "stream": false
      }
    ]
  },
  "agnostic": {
    "sounds": [
      {
        "name": "custom:Agnostic",
        "stream": false
      }
    ]
  },
  "agoraphobia": {
    "sounds": [
      {
        "name": "custom:Agoraphobia",
        "stream": false
      }
    ]
  },
  "agoraphobic": {
    "sounds": [
      {
        "name": "custom:Agoraphobic",
        "stream": false
      }
    ]
  },
  "agriculture": {
    "sounds": [
      {
        "name": "custom:Agriculture",
        "stream": false
      }
    ]
  },
  "akin": {
    "sounds": [
      {
        "name": "custom:Akin",
        "stream": false
      }
    ]
  },
  "albeit": {
    "sounds": [
      {
        "name": "custom:Albeit",
        "stream": false
      }
    ]
  },
  "alliance": {
    "sounds": [
      {
        "name": "custom:Alliance",
        "stream": false
      }
    ]
  },
  "alphabet": {
    "sounds": [
      {
        "name": "custom:Alphabet",
        "stream": false
      }
    ]
  },
  "ambidextrous": {
    "sounds": [
      {
        "name": "custom:Ambidextrous",
        "stream": false
      }
    ]
  },
  "ambiguous": {
    "sounds": [
      {
        "name": "custom:Ambiguous",
        "stream": false
      }
    ]
  },
  "anachronistic": {
    "sounds": [
      {
        "name": "custom:Anachronistic",
        "stream": false
      }
    ]
  },
  "anaphylactic": {
    "sounds": [
      {
        "name": "custom:Anaphylactic",
        "stream": false
      }
    ]
  },
  "anatomical": {
    "sounds": [
      {
        "name": "custom:Anatomical",
        "stream": false
      }
    ]
  },
  "anemone": {
    "sounds": [
      {
        "name": "custom:Anemone",
        "stream": false
      }
    ]
  },
  "angel": {
    "sounds": [
      {
        "name": "custom:Angel",
        "stream": false
      }
    ]
  },
  "antediluvian": {
    "sounds": [
      {
        "name": "custom:Antediluvian",
        "stream": false
      }
    ]
  },
  "anthropomorphization": {
    "sounds": [
      {
        "name": "custom:Anthropomorphization",
        "stream": false
      }
    ]
  },
  "antidisestablishmentarianism": {
    "sounds": [
      {
        "name": "custom:Antidisestablishmentarianism",
        "stream": false
      }
    ]
  },
  "antixerophthalmic": {
    "sounds": [
      {
        "name": "custom:Antixerophthalmic",
        "stream": false
      }
    ]
  },
  "apocryphal": {
    "sounds": [
      {
        "name": "custom:Apocryphal",
        "stream": false
      }
    ]
  },
  "apostrophe": {
    "sounds": [
      {
        "name": "custom:Apostrophe",
        "stream": false
      }
    ]
  },
  "apothecary": {
    "sounds": [
      {
        "name": "custom:Apothecary",
        "stream": false
      }
    ]
  },
  "appetite": {
    "sounds": [
      {
        "name": "custom:Appetite",
        "stream": false
      }
    ]
  },
  "arthroereisis": {
    "sounds": [
      {
        "name": "custom:Arthroereisis",
        "stream": false
      }
    ]
  },
  "articulate": {
    "sounds": [
      {
        "name": "custom:Articulate",
        "stream": false
      }
    ]
  },
  "ash": {
    "sounds": [
      {
        "name": "custom:Ash",
        "stream": false
      }
    ]
  },
  "asphyxiation": {
    "sounds": [
      {
        "name": "custom:Asphyxiation",
        "stream": false
      }
    ]
  },
  "assumption": {
    "sounds": [
      {
        "name": "custom:Assumption",
        "stream": false
      }
    ]
  },
  "asthma": {
    "sounds": [
      {
        "name": "custom:Asthma",
        "stream": false
      }
    ]
  },
  "astigmatism": {
    "sounds": [
      {
        "name": "custom:Astigmatism",
        "stream": false
      }
    ]
  },
  "asunder": {
    "sounds": [
      {
        "name": "custom:Asunder",
        "stream": false
      }
    ]
  },
  "ataraxy": {
    "sounds": [
      {
        "name": "custom:Ataraxy",
        "stream": false
      }
    ]
  },
  "atmospheric": {
    "sounds": [
      {
        "name": "custom:Atmospheric",
        "stream": false
      }
    ]
  },
  "automatic": {
    "sounds": [
      {
        "name": "custom:Automatic",
        "stream": false
      }
    ]
  },
  "autothaumaturgist": {
    "sounds": [
      {
        "name": "custom:Autothaumaturgist",
        "stream": false
      }
    ]
  },
  "await": {
    "sounds": [
      {
        "name": "custom:Await",
        "stream": false
      }
    ]
  },
  "baccalaureate": {
    "sounds": [
      {
        "name": "custom:Baccalaureate",
        "stream": false
      }
    ]
  },
  "bamboo": {
    "sounds": [
      {
        "name": "custom:Bamboo",
        "stream": false
      }
    ]
  },
  "bandeau": {
    "sounds": [
      {
        "name": "custom:Bandeau",
        "stream": false
      }
    ]
  },
  "batrachophobia": {
    "sounds": [
      {
        "name": "custom:Batrachophobia",
        "stream": false
      }
    ]
  },
  "bayonet": {
    "sounds": [
      {
        "name": "custom:Bayonet",
        "stream": false
      }
    ]
  },
  "belvedere": {
    "sounds": [
      {
        "name": "custom:Belvedere",
        "stream": false
      }
    ]
  },
  "beneficiary": {
    "sounds": [
      {
        "name": "custom:Beneficiary",
        "stream": false
      }
    ]
  },
  "benevolence": {
    "sounds": [
      {
        "name": "custom:Benevolence",
        "stream": false
      }
    ]
  },
  "betray": {
    "sounds": [
      {
        "name": "custom:Betray",
        "stream": false
      }
    ]
  },
  "betwixt": {
    "sounds": [
      {
        "name": "custom:Betwixt",
        "stream": false
      }
    ]
  },
  "bingo": {
    "sounds": [
      {
        "name": "custom:Bingo",
        "stream": false
      }
    ]
  },
  "biography": {
    "sounds": [
      {
        "name": "custom:Biography",
        "stream": false
      }
    ]
  },
  "bird": {
    "sounds": [
      {
        "name": "custom:Bird",
        "stream": false
      }
    ]
  },
  "bizarre": {
    "sounds": [
      {
        "name": "custom:Bizarre",
        "stream": false
      }
    ]
  },
  "black": {
    "sounds": [
      {
        "name": "custom:Black",
        "stream": false
      }
    ]
  },
  "bodacious": {
    "sounds": [
      {
        "name": "custom:Bodacious",
        "stream": false
      }
    ]
  },
  "bogolanfini": {
    "sounds": [
      {
        "name": "custom:Bogolanfini",
        "stream": false
      }
    ]
  },
  "bomb": {
    "sounds": [
      {
        "name": "custom:Bomb",
        "stream": false
      }
    ]
  },
  "book": {
    "sounds": [
      {
        "name": "custom:Book",
        "stream": false
      }
    ]
  },
  "borborygmus": {
    "sounds": [
      {
        "name": "custom:Borborygmus",
        "stream": false
      }
    ]
  },
  "bourgeoisie": {
    "sounds": [
      {
        "name": "custom:Bourgeoisie",
        "stream": false
      }
    ]
  },
  "bourgeoisification": {
    "sounds": [
      {
        "name": "custom:Bourgeoisification",
        "stream": false
      }
    ]
  },
  "brain": {
    "sounds": [
      {
        "name": "custom:Brain",
        "stream": false
      }
    ]
  },
  "breakthrough": {
    "sounds": [
      {
        "name": "custom:Breakthrough",
        "stream": false
      }
    ]
  },
  "broccoli": {
    "sounds": [
      {
        "name": "custom:Broccoli",
        "stream": false
      }
    ]
  },
  "bronchitis": {
    "sounds": [
      {
        "name": "custom:Bronchitis",
        "stream": false
      }
    ]
  },
  "brucellosis": {
    "sounds": [
      {
        "name": "custom:Brucellosis",
        "stream": false
      }
    ]
  },
  "brusque": {
    "sounds": [
      {
        "name": "custom:Brusque",
        "stream": false
      }
    ]
  },
  "bucolic": {
    "sounds": [
      {
        "name": "custom:Bucolic",
        "stream": false
      }
    ]
  },
  "burger": {
    "sounds": [
      {
        "name": "custom:Burger",
        "stream": false
      }
    ]
  },
  "burial": {
    "sounds": [
      {
        "name": "custom:Burial",
        "stream": false
      }
    ]
  },
  "cabin": {
    "sounds": [
      {
        "name": "custom:Cabin",
        "stream": false
      }
    ]
  },
  "cacophony": {
    "sounds": [
      {
        "name": "custom:Cacophony",
        "stream": false
      }
    ]
  },
  "cake": {
    "sounds": [
      {
        "name": "custom:Cake",
        "stream": false
      }
    ]
  },
  "calamitous": {
    "sounds": [
      {
        "name": "custom:Calamitous",
        "stream": false
      }
    ]
  },
  "calibration": {
    "sounds": [
      {
        "name": "custom:Calibration",
        "stream": false
      }
    ]
  },
  "calumny": {
    "sounds": [
      {
        "name": "custom:Calumny",
        "stream": false
      }
    ]
  },
  "canaliculodacryocystorhinostomy": {
    "sounds": [
      {
        "name": "custom:Canaliculodacryocystorhinostomy",
        "stream": false
      }
    ]
  },
  "capoeira": {
    "sounds": [
      {
        "name": "custom:Capoeira",
        "stream": false
      }
    ]
  },
  "capricious": {
    "sounds": [
      {
        "name": "custom:Capricious",
        "stream": false
      }
    ]
  },
  "car": {
    "sounds": [
      {
        "name": "custom:Car",
        "stream": false
      }
    ]
  },
  "cat": {
    "sounds": [
      {
        "name": "custom:Cat",
        "stream": false
      }
    ]
  },
  "caustic": {
    "sounds": [
      {
        "name": "custom:Caustic",
        "stream": false
      }
    ]
  },
  "cerulean": {
    "sounds": [
      {
        "name": "custom:Cerulean",
        "stream": false
      }
    ]
  },
  "champagne": {
    "sounds": [
      {
        "name": "custom:Champagne",
        "stream": false
      }
    ]
  },
  "chargoggagoggmanchauggagoggchaubunagungamaugg": {
    "sounds": [
      {
        "name": "custom:Chargoggagoggmanchauggagoggchaubunagungamaugg",
        "stream": false
      }
    ]
  },
  "charisma": {
    "sounds": [
      {
        "name": "custom:Charisma",
        "stream": false
      }
    ]
  },
  "chauffeur": {
    "sounds": [
      {
        "name": "custom:Chauffeur",
        "stream": false
      }
    ]
  },
  "chicken": {
    "sounds": [
      {
        "name": "custom:Chicken",
        "stream": false
      }
    ]
  },
  "chlorophyll": {
    "sounds": [
      {
        "name": "custom:Chlorophyll",
        "stream": false
      }
    ]
  },
  "cholangiopancreatography": {
    "sounds": [
      {
        "name": "custom:Cholangiopancreatography",
        "stream": false
      }
    ]
  },
  "chronic": {
    "sounds": [
      {
        "name": "custom:Chronic",
        "stream": false
      }
    ]
  },
  "chronological": {
    "sounds": [
      {
        "name": "custom:Chronological",
        "stream": false
      }
    ]
  },
  "cinematographer": {
    "sounds": [
      {
        "name": "custom:Cinematographer",
        "stream": false
      }
    ]
  },
  "circle": {
    "sounds": [
      {
        "name": "custom:Circle",
        "stream": false
      }
    ]
  },
  "clandestine": {
    "sounds": [
      {
        "name": "custom:Clandestine",
        "stream": false
      }
    ]
  },
  "clever": {
    "sounds": [
      {
        "name": "custom:Clever",
        "stream": false
      }
    ]
  },
  "cliff": {
    "sounds": [
      {
        "name": "custom:Cliff",
        "stream": false
      }
    ]
  },
  "clutch": {
    "sounds": [
      {
        "name": "custom:Clutch",
        "stream": false
      }
    ]
  },
  "codicil": {
    "sounds": [
      {
        "name": "custom:Codicil",
        "stream": false
      }
    ]
  },
  "cognitive": {
    "sounds": [
      {
        "name": "custom:Cognitive",
        "stream": false
      }
    ]
  },
  "colloquialism": {
    "sounds": [
      {
        "name": "custom:Colloquialism",
        "stream": false
      }
    ]
  },
  "combustible": {
    "sounds": [
      {
        "name": "custom:Combustible",
        "stream": false
      }
    ]
  },
  "comeuppance": {
    "sounds": [
      {
        "name": "custom:Comeuppance",
        "stream": false
      }
    ]
  },
  "commodity": {
    "sounds": [
      {
        "name": "custom:Commodity",
        "stream": false
      }
    ]
  },
  "commodore": {
    "sounds": [
      {
        "name": "custom:Commodore",
        "stream": false
      }
    ]
  },
  "compartmentalization": {
    "sounds": [
      {
        "name": "custom:Compartmentalization",
        "stream": false
      }
    ]
  },
  "comply": {
    "sounds": [
      {
        "name": "custom:Comply",
        "stream": false
      }
    ]
  },
  "compunction": {
    "sounds": [
      {
        "name": "custom:Compunction",
        "stream": false
      }
    ]
  },
  "concentration": {
    "sounds": [
      {
        "name": "custom:Concentration",
        "stream": false
      }
    ]
  },
  "congratulate": {
    "sounds": [
      {
        "name": "custom:Congratulate",
        "stream": false
      }
    ]
  },
  "consanguine": {
    "sounds": [
      {
        "name": "custom:Consanguine",
        "stream": false
      }
    ]
  },
  "consumption": {
    "sounds": [
      {
        "name": "custom:Consumption",
        "stream": false
      }
    ]
  },
  "contradistinguish": {
    "sounds": [
      {
        "name": "custom:Contradistinguish",
        "stream": false
      }
    ]
  },
  "controversial": {
    "sounds": [
      {
        "name": "custom:Controversial",
        "stream": false
      }
    ]
  },
  "convey": {
    "sounds": [
      {
        "name": "custom:Convey",
        "stream": false
      }
    ]
  },
  "convolvulaceous": {
    "sounds": [
      {
        "name": "custom:Convolvulaceous",
        "stream": false
      }
    ]
  },
  "cooking": {
    "sounds": [
      {
        "name": "custom:Cooking",
        "stream": false
      }
    ]
  },
  "cool": {
    "sounds": [
      {
        "name": "custom:Cool",
        "stream": false
      }
    ]
  },
  "correspondence": {
    "sounds": [
      {
        "name": "custom:Correspondence",
        "stream": false
      }
    ]
  },
  "corticopontocerebellar": {
    "sounds": [
      {
        "name": "custom:Corticopontocerebellar",
        "stream": false
      }
    ]
  },
  "counterimmunoelectrophoresis": {
    "sounds": [
      {
        "name": "custom:Counterimmunoelectrophoresis",
        "stream": false
      }
    ]
  },
  "counterintuitive": {
    "sounds": [
      {
        "name": "custom:Counterintuitive",
        "stream": false
      }
    ]
  },
  "countermajoritarianism": {
    "sounds": [
      {
        "name": "custom:Countermajoritarianism",
        "stream": false
      }
    ]
  },
  "crowd": {
    "sounds": [
      {
        "name": "custom:Crowd",
        "stream": false
      }
    ]
  },
  "cuisine": {
    "sounds": [
      {
        "name": "custom:Cuisine",
        "stream": false
      }
    ]
  },
  "culvert": {
    "sounds": [
      {
        "name": "custom:Culvert",
        "stream": false
      }
    ]
  },
  "curious": {
    "sounds": [
      {
        "name": "custom:Curious",
        "stream": false
      }
    ]
  },
  "cyrillic": {
    "sounds": [
      {
        "name": "custom:Cyrillic",
        "stream": false
      }
    ]
  },
  "dad": {
    "sounds": [
      {
        "name": "custom:Dad",
        "stream": false
      }
    ]
  },
  "dairy": {
    "sounds": [
      {
        "name": "custom:Dairy",
        "stream": false
      }
    ]
  },
  "dauntless": {
    "sounds": [
      {
        "name": "custom:Dauntless",
        "stream": false
      }
    ]
  },
  "debris": {
    "sounds": [
      {
        "name": "custom:Debris",
        "stream": false
      }
    ]
  },
  "defenestration": {
    "sounds": [
      {
        "name": "custom:Defenestration",
        "stream": false
      }
    ]
  },
  "defy": {
    "sounds": [
      {
        "name": "custom:Defy",
        "stream": false
      }
    ]
  },
  "dehydrothiotoluidine": {
    "sounds": [
      {
        "name": "custom:Dehydrothiotoluidine",
        "stream": false
      }
    ]
  },
  "deleterious": {
    "sounds": [
      {
        "name": "custom:Deleterious",
        "stream": false
      }
    ]
  },
  "demon": {
    "sounds": [
      {
        "name": "custom:Demon",
        "stream": false
      }
    ]
  },
  "dendrochronology": {
    "sounds": [
      {
        "name": "custom:Dendrochronology",
        "stream": false
      }
    ]
  },
  "deoxyribonucleic": {
    "sounds": [
      {
        "name": "custom:Deoxyribonucleic",
        "stream": false
      }
    ]
  },
  "depilatory": {
    "sounds": [
      {
        "name": "custom:Depilatory",
        "stream": false
      }
    ]
  },
  "deployment": {
    "sounds": [
      {
        "name": "custom:Deployment",
        "stream": false
      }
    ]
  },
  "derogatory": {
    "sounds": [
      {
        "name": "custom:Derogatory",
        "stream": false
      }
    ]
  },
  "detrimental": {
    "sounds": [
      {
        "name": "custom:Detrimental",
        "stream": false
      }
    ]
  },
  "dextrodeorsumversion": {
    "sounds": [
      {
        "name": "custom:Dextrodeorsumversion",
        "stream": false
      }
    ]
  },
  "dichotomization": {
    "sounds": [
      {
        "name": "custom:Dichotomization",
        "stream": false
      }
    ]
  },
  "diesel": {
    "sounds": [
      {
        "name": "custom:Diesel",
        "stream": false
      }
    ]
  },
  "dilate": {
    "sounds": [
      {
        "name": "custom:Dilate",
        "stream": false
      }
    ]
  },
  "discombobulate": {
    "sounds": [
      {
        "name": "custom:Discombobulate",
        "stream": false
      }
    ]
  },
  "doctrine": {
    "sounds": [
      {
        "name": "custom:Doctrine",
        "stream": false
      }
    ]
  },
  "dodecahedron": {
    "sounds": [
      {
        "name": "custom:Dodecahedron",
        "stream": false
      }
    ]
  },
  "dog": {
    "sounds": [
      {
        "name": "custom:Dog",
        "stream": false
      }
    ]
  },
  "dolphin": {
    "sounds": [
      {
        "name": "custom:Dolphin",
        "stream": false
      }
    ]
  },
  "duck": {
    "sounds": [
      {
        "name": "custom:Duck",
        "stream": false
      }
    ]
  },
  "echo": {
    "sounds": [
      {
        "name": "custom:Echo",
        "stream": false
      }
    ]
  },
  "elaborate": {
    "sounds": [
      {
        "name": "custom:Elaborate",
        "stream": false
      }
    ]
  },
  "electrotelethermometer": {
    "sounds": [
      {
        "name": "custom:Electrotelethermometer",
        "stream": false
      }
    ]
  },
  "eloquent": {
    "sounds": [
      {
        "name": "custom:Eloquent",
        "stream": false
      }
    ]
  },
  "embarrassment": {
    "sounds": [
      {
        "name": "custom:Embarrassment",
        "stream": false
      }
    ]
  },
  "embassy": {
    "sounds": [
      {
        "name": "custom:Embassy",
        "stream": false
      }
    ]
  },
  "emoji": {
    "sounds": [
      {
        "name": "custom:Emoji",
        "stream": false
      }
    ]
  },
  "enact": {
    "sounds": [
      {
        "name": "custom:Enact",
        "stream": false
      }
    ]
  },
  "enchantment": {
    "sounds": [
      {
        "name": "custom:Enchantment",
        "stream": false
      }
    ]
  },
  "encore": {
    "sounds": [
      {
        "name": "custom:Encore",
        "stream": false
      }
    ]
  },
  "entrepreneur": {
    "sounds": [
      {
        "name": "custom:Entrepreneur",
        "stream": false
      }
    ]
  },
  "epiphany": {
    "sounds": [
      {
        "name": "custom:Epiphany",
        "stream": false
      }
    ]
  },
  "epsilon": {
    "sounds": [
      {
        "name": "custom:Epsilon",
        "stream": false
      }
    ]
  },
  "erratic": {
    "sounds": [
      {
        "name": "custom:Erratic",
        "stream": false
      }
    ]
  },
  "erupt": {
    "sounds": [
      {
        "name": "custom:Erupt",
        "stream": false
      }
    ]
  },
  "erythrocytapheresis": {
    "sounds": [
      {
        "name": "custom:Erythrocytapheresis",
        "stream": false
      }
    ]
  },
  "ethnomethodology": {
    "sounds": [
      {
        "name": "custom:Ethnomethodology",
        "stream": false
      }
    ]
  },
  "euphoria": {
    "sounds": [
      {
        "name": "custom:Euphoria",
        "stream": false
      }
    ]
  },
  "exaggerate": {
    "sounds": [
      {
        "name": "custom:Exaggerate",
        "stream": false
      }
    ]
  },
  "excalibur": {
    "sounds": [
      {
        "name": "custom:Excalibur",
        "stream": false
      }
    ]
  },
  "excellent": {
    "sounds": [
      {
        "name": "custom:Excellent",
        "stream": false
      }
    ]
  },
  "exert": {
    "sounds": [
      {
        "name": "custom:Exert",
        "stream": false
      }
    ]
  },
  "exile": {
    "sounds": [
      {
        "name": "custom:Exile",
        "stream": false
      }
    ]
  },
  "expenditure": {
    "sounds": [
      {
        "name": "custom:Expenditure",
        "stream": false
      }
    ]
  },
  "extraterrestrial": {
    "sounds": [
      {
        "name": "custom:Extraterrestrial",
        "stream": false
      }
    ]
  },
  "extravagant": {
    "sounds": [
      {
        "name": "custom:Extravagant",
        "stream": false
      }
    ]
  },
  "facsimile": {
    "sounds": [
      {
        "name": "custom:Facsimile",
        "stream": false
      }
    ]
  },
  "familiar": {
    "sounds": [
      {
        "name": "custom:Familiar",
        "stream": false
      }
    ]
  },
  "fastidious": {
    "sounds": [
      {
        "name": "custom:Fastidious",
        "stream": false
      }
    ]
  },
  "favorable": {
    "sounds": [
      {
        "name": "custom:Favorable",
        "stream": false
      }
    ]
  },
  "ferriprotoporphyrin": {
    "sounds": [
      {
        "name": "custom:Ferriprotoporphyrin",
        "stream": false
      }
    ]
  },
  "film": {
    "sounds": [
      {
        "name": "custom:Film",
        "stream": false
      }
    ]
  },
  "filter": {
    "sounds": [
      {
        "name": "custom:Filter",
        "stream": false
      }
    ]
  },
  "firefighter": {
    "sounds": [
      {
        "name": "custom:Firefighter",
        "stream": false
      }
    ]
  },
  "fish": {
    "sounds": [
      {
        "name": "custom:Fish",
        "stream": false
      }
    ]
  },
  "fissiparous": {
    "sounds": [
      {
        "name": "custom:Fissiparous",
        "stream": false
      }
    ]
  },
  "fjord": {
    "sounds": [
      {
        "name": "custom:Fjord",
        "stream": false
      }
    ]
  },
  "flibbertigibbet": {
    "sounds": [
      {
        "name": "custom:Flibbertigibbet",
        "stream": false
      }
    ]
  },
  "floccinaucinihilipilification": {
    "sounds": [
      {
        "name": "custom:Floccinaucinihilipilification",
        "stream": false
      }
    ]
  },
  "fluorescent": {
    "sounds": [
      {
        "name": "custom:Fluorescent",
        "stream": false
      }
    ]
  },
  "foggy": {
    "sounds": [
      {
        "name": "custom:Foggy",
        "stream": false
      }
    ]
  },
  "forbid": {
    "sounds": [
      {
        "name": "custom:Forbid",
        "stream": false
      }
    ]
  },
  "formidable": {
    "sounds": [
      {
        "name": "custom:Formidable",
        "stream": false
      }
    ]
  },
  "forthcoming": {
    "sounds": [
      {
        "name": "custom:Forthcoming",
        "stream": false
      }
    ]
  },
  "fossiliferous": {
    "sounds": [
      {
        "name": "custom:Fossiliferous",
        "stream": false
      }
    ]
  },
  "frolic": {
    "sounds": [
      {
        "name": "custom:Frolic",
        "stream": false
      }
    ]
  },
  "fuchsia": {
    "sounds": [
      {
        "name": "custom:Fuchsia",
        "stream": false
      }
    ]
  },
  "furious": {
    "sounds": [
      {
        "name": "custom:Furious",
        "stream": false
      }
    ]
  },
  "gallant": {
    "sounds": [
      {
        "name": "custom:Gallant",
        "stream": false
      }
    ]
  },
  "gastroenterologist": {
    "sounds": [
      {
        "name": "custom:Gastroenterologist",
        "stream": false
      }
    ]
  },
  "gastronomic": {
    "sounds": [
      {
        "name": "custom:Gastronomic",
        "stream": false
      }
    ]
  },
  "gazebo": {
    "sounds": [
      {
        "name": "custom:Gazebo",
        "stream": false
      }
    ]
  },
  "gegenstandstheorie": {
    "sounds": [
      {
        "name": "custom:Gegenstandstheorie",
        "stream": false
      }
    ]
  },
  "geitonogamy": {
    "sounds": [
      {
        "name": "custom:Geitonogamy",
        "stream": false
      }
    ]
  },
  "gender": {
    "sounds": [
      {
        "name": "custom:Gender",
        "stream": false
      }
    ]
  },
  "gentrification": {
    "sounds": [
      {
        "name": "custom:Gentrification",
        "stream": false
      }
    ]
  },
  "giant": {
    "sounds": [
      {
        "name": "custom:Giant",
        "stream": false
      }
    ]
  },
  "gibberish": {
    "sounds": [
      {
        "name": "custom:Gibberish",
        "stream": false
      }
    ]
  },
  "glaucomatous": {
    "sounds": [
      {
        "name": "custom:Glaucomatous",
        "stream": false
      }
    ]
  },
  "glockenspiel": {
    "sounds": [
      {
        "name": "custom:Glockenspiel",
        "stream": false
      }
    ]
  },
  "glyceraldehyde": {
    "sounds": [
      {
        "name": "custom:Glyceraldehyde",
        "stream": false
      }
    ]
  },
  "gold": {
    "sounds": [
      {
        "name": "custom:Gold",
        "stream": false
      }
    ]
  },
  "gradual": {
    "sounds": [
      {
        "name": "custom:Gradual",
        "stream": false
      }
    ]
  },
  "greedy": {
    "sounds": [
      {
        "name": "custom:Greedy",
        "stream": false
      }
    ]
  },
  "green": {
    "sounds": [
      {
        "name": "custom:Green",
        "stream": false
      }
    ]
  },
  "grub": {
    "sounds": [
      {
        "name": "custom:Grub",
        "stream": false
      }
    ]
  },
  "gubernatorial": {
    "sounds": [
      {
        "name": "custom:Gubernatorial",
        "stream": false
      }
    ]
  },
  "guideline": {
    "sounds": [
      {
        "name": "custom:Guideline",
        "stream": false
      }
    ]
  },
  "handkerchief": {
    "sounds": [
      {
        "name": "custom:Handkerchief",
        "stream": false
      }
    ]
  },
  "harbor": {
    "sounds": [
      {
        "name": "custom:Harbor",
        "stream": false
      }
    ]
  },
  "harpsichord": {
    "sounds": [
      {
        "name": "custom:Harpsichord",
        "stream": false
      }
    ]
  },
  "hemispherectomy": {
    "sounds": [
      {
        "name": "custom:Hemispherectomy",
        "stream": false
      }
    ]
  },
  "heresy": {
    "sounds": [
      {
        "name": "custom:Heresy",
        "stream": false
      }
    ]
  },
  "heterozygous": {
    "sounds": [
      {
        "name": "custom:Heterozygous",
        "stream": false
      }
    ]
  },
  "hexagonal": {
    "sounds": [
      {
        "name": "custom:Hexagonal",
        "stream": false
      }
    ]
  },
  "hexakosioihexekontahexaphobia": {
    "sounds": [
      {
        "name": "custom:Hexakosioihexekontahexaphobia",
        "stream": false
      }
    ]
  },
  "hierarchy": {
    "sounds": [
      {
        "name": "custom:Hierarchy",
        "stream": false
      }
    ]
  },
  "hieroglyphics": {
    "sounds": [
      {
        "name": "custom:Hieroglyphics",
        "stream": false
      }
    ]
  },
  "hippopotomonstrosesquippedaliophobia": {
    "sounds": [
      {
        "name": "custom:Hippopotomonstrosesquippedaliophobia",
        "stream": false
      }
    ]
  },
  "homeopathy": {
    "sounds": [
      {
        "name": "custom:Homeopathy",
        "stream": false
      }
    ]
  },
  "homogeneous": {
    "sounds": [
      {
        "name": "custom:Homogeneous",
        "stream": false
      }
    ]
  },
  "honorificabilitudinity": {
    "sounds": [
      {
        "name": "custom:Honorificabilitudinity",
        "stream": false
      }
    ]
  },
  "hornswoggle": {
    "sounds": [
      {
        "name": "custom:Hornswoggle",
        "stream": false
      }
    ]
  },
  "hotel": {
    "sounds": [
      {
        "name": "custom:Hotel",
        "stream": false
      }
    ]
  },
  "hourglass": {
    "sounds": [
      {
        "name": "custom:Hourglass",
        "stream": false
      }
    ]
  },
  "house": {
    "sounds": [
      {
        "name": "custom:House",
        "stream": false
      }
    ]
  },
  "human": {
    "sounds": [
      {
        "name": "custom:Human",
        "stream": false
      }
    ]
  },
  "humanitarian": {
    "sounds": [
      {
        "name": "custom:Humanitarian",
        "stream": false
      }
    ]
  },
  "hungry": {
    "sounds": [
      {
        "name": "custom:Hungry",
        "stream": false
      }
    ]
  },
  "hypoparathyroidism": {
    "sounds": [
      {
        "name": "custom:Hypoparathyroidism",
        "stream": false
      }
    ]
  },
  "iconoclast": {
    "sounds": [
      {
        "name": "custom:Iconoclast",
        "stream": false
      }
    ]
  },
  "ideological": {
    "sounds": [
      {
        "name": "custom:Ideological",
        "stream": false
      }
    ]
  },
  "idiom": {
    "sounds": [
      {
        "name": "custom:Idiom",
        "stream": false
      }
    ]
  },
  "imminent": {
    "sounds": [
      {
        "name": "custom:Imminent",
        "stream": false
      }
    ]
  },
  "imprisonment": {
    "sounds": [
      {
        "name": "custom:Imprisonment",
        "stream": false
      }
    ]
  },
  "inchoate": {
    "sounds": [
      {
        "name": "custom:Inchoate",
        "stream": false
      }
    ]
  },
  "incomprehensibility": {
    "sounds": [
      {
        "name": "custom:Incomprehensibility",
        "stream": false
      }
    ]
  },
  "indefatigable": {
    "sounds": [
      {
        "name": "custom:Indefatigable",
        "stream": false
      }
    ]
  },
  "independence": {
    "sounds": [
      {
        "name": "custom:Independence",
        "stream": false
      }
    ]
  },
  "indifference": {
    "sounds": [
      {
        "name": "custom:Indifference",
        "stream": false
      }
    ]
  },
  "infinitesimal": {
    "sounds": [
      {
        "name": "custom:Infinitesimal",
        "stream": false
      }
    ]
  },
  "infundibulum": {
    "sounds": [
      {
        "name": "custom:Infundibulum",
        "stream": false
      }
    ]
  },
  "ingenious": {
    "sounds": [
      {
        "name": "custom:Ingenious",
        "stream": false
      }
    ]
  },
  "ink": {
    "sounds": [
      {
        "name": "custom:Ink",
        "stream": false
      }
    ]
  },
  "institutionalization": {
    "sounds": [
      {
        "name": "custom:Institutionalization",
        "stream": false
      }
    ]
  },
  "integrity": {
    "sounds": [
      {
        "name": "custom:Integrity",
        "stream": false
      }
    ]
  },
  "intent": {
    "sounds": [
      {
        "name": "custom:Intent",
        "stream": false
      }
    ]
  },
  "intermediate": {
    "sounds": [
      {
        "name": "custom:Intermediate",
        "stream": false
      }
    ]
  },
  "intermission": {
    "sounds": [
      {
        "name": "custom:Intermission",
        "stream": false
      }
    ]
  },
  "iron": {
    "sounds": [
      {
        "name": "custom:Iron",
        "stream": false
      }
    ]
  },
  "irony": {
    "sounds": [
      {
        "name": "custom:Irony",
        "stream": false
      }
    ]
  },
  "isometropia": {
    "sounds": [
      {
        "name": "custom:Isometropia",
        "stream": false
      }
    ]
  },
  "isthmus": {
    "sounds": [
      {
        "name": "custom:Isthmus",
        "stream": false
      }
    ]
  },
  "jurisprudence": {
    "sounds": [
      {
        "name": "custom:Jurisprudence",
        "stream": false
      }
    ]
  },
  "juxtaposition": {
    "sounds": [
      {
        "name": "custom:Juxtaposition",
        "stream": false
      }
    ]
  },
  "kaleidoscope": {
    "sounds": [
      {
        "name": "custom:Kaleidoscope",
        "stream": false
      }
    ]
  },
  "kangaroo": {
    "sounds": [
      {
        "name": "custom:Kangaroo",
        "stream": false
      }
    ]
  },
  "kiss": {
    "sounds": [
      {
        "name": "custom:Kiss",
        "stream": false
      }
    ]
  },
  "lactose": {
    "sounds": [
      {
        "name": "custom:Lactose",
        "stream": false
      }
    ]
  },
  "languid": {
    "sounds": [
      {
        "name": "custom:Languid",
        "stream": false
      }
    ]
  },
  "laryngotracheobronchitis": {
    "sounds": [
      {
        "name": "custom:Laryngotracheobronchitis",
        "stream": false
      }
    ]
  },
  "lather": {
    "sounds": [
      {
        "name": "custom:Lather",
        "stream": false
      }
    ]
  },
  "legendary": {
    "sounds": [
      {
        "name": "custom:Legendary",
        "stream": false
      }
    ]
  },
  "legislation": {
    "sounds": [
      {
        "name": "custom:Legislation",
        "stream": false
      }
    ]
  },
  "length": {
    "sounds": [
      {
        "name": "custom:Length",
        "stream": false
      }
    ]
  },
  "lepidopterology": {
    "sounds": [
      {
        "name": "custom:Lepidopterology",
        "stream": false
      }
    ]
  },
  "lexicography": {
    "sounds": [
      {
        "name": "custom:Lexicography",
        "stream": false
      }
    ]
  },
  "liable": {
    "sounds": [
      {
        "name": "custom:Liable",
        "stream": false
      }
    ]
  },
  "liaison": {
    "sounds": [
      {
        "name": "custom:Liaison",
        "stream": false
      }
    ]
  },
  "lightning": {
    "sounds": [
      {
        "name": "custom:Lightning",
        "stream": false
      }
    ]
  },
  "limousine": {
    "sounds": [
      {
        "name": "custom:Limousine",
        "stream": false
      }
    ]
  },
  "livery": {
    "sounds": [
      {
        "name": "custom:Livery",
        "stream": false
      }
    ]
  },
  "macabre": {
    "sounds": [
      {
        "name": "custom:Macabre",
        "stream": false
      }
    ]
  },
  "machiavellian": {
    "sounds": [
      {
        "name": "custom:Machiavellian",
        "stream": false
      }
    ]
  },
  "magnificent": {
    "sounds": [
      {
        "name": "custom:Magnificent",
        "stream": false
      }
    ]
  },
  "malapropism": {
    "sounds": [
      {
        "name": "custom:Malapropism",
        "stream": false
      }
    ]
  },
  "margin": {
    "sounds": [
      {
        "name": "custom:Margin",
        "stream": false
      }
    ]
  },
  "martyrdom": {
    "sounds": [
      {
        "name": "custom:Martyrdom",
        "stream": false
      }
    ]
  },
  "mathematician": {
    "sounds": [
      {
        "name": "custom:Mathematician",
        "stream": false
      }
    ]
  },
  "mechanotransduction": {
    "sounds": [
      {
        "name": "custom:Mechanotransduction",
        "stream": false
      }
    ]
  },
  "meditate": {
    "sounds": [
      {
        "name": "custom:Meditate",
        "stream": false
      }
    ]
  },
  "melancholy": {
    "sounds": [
      {
        "name": "custom:Melancholy",
        "stream": false
      }
    ]
  },
  "mellifluous": {
    "sounds": [
      {
        "name": "custom:Mellifluous",
        "stream": false
      }
    ]
  },
  "menagerie": {
    "sounds": [
      {
        "name": "custom:Menagerie",
        "stream": false
      }
    ]
  },
  "methodology": {
    "sounds": [
      {
        "name": "custom:Methodology",
        "stream": false
      }
    ]
  },
  "metonymic": {
    "sounds": [
      {
        "name": "custom:Metonymic",
        "stream": false
      }
    ]
  },
  "microorganism": {
    "sounds": [
      {
        "name": "custom:Microorganism",
        "stream": false
      }
    ]
  },
  "milieu": {
    "sounds": [
      {
        "name": "custom:Milieu",
        "stream": false
      }
    ]
  },
  "milk": {
    "sounds": [
      {
        "name": "custom:Milk",
        "stream": false
      }
    ]
  },
  "miscellaneous": {
    "sounds": [
      {
        "name": "custom:Miscellaneous",
        "stream": false
      }
    ]
  },
  "misconception": {
    "sounds": [
      {
        "name": "custom:Misconception",
        "stream": false
      }
    ]
  },
  "mix": {
    "sounds": [
      {
        "name": "custom:Mix",
        "stream": false
      }
    ]
  },
  "mom": {
    "sounds": [
      {
        "name": "custom:Mom",
        "stream": false
      }
    ]
  },
  "monk": {
    "sounds": [
      {
        "name": "custom:Monk",
        "stream": false
      }
    ]
  },
  "monochromatic": {
    "sounds": [
      {
        "name": "custom:Monochromatic",
        "stream": false
      }
    ]
  },
  "monosyllabic": {
    "sounds": [
      {
        "name": "custom:Monosyllabic",
        "stream": false
      }
    ]
  },
  "moon": {
    "sounds": [
      {
        "name": "custom:Moon",
        "stream": false
      }
    ]
  },
  "municipal": {
    "sounds": [
      {
        "name": "custom:Municipal",
        "stream": false
      }
    ]
  },
  "myopic": {
    "sounds": [
      {
        "name": "custom:Myopic",
        "stream": false
      }
    ]
  },
  "myriad": {
    "sounds": [
      {
        "name": "custom:Myriad",
        "stream": false
      }
    ]
  },
  "narcissistic": {
    "sounds": [
      {
        "name": "custom:Narcissistic",
        "stream": false
      }
    ]
  },
  "nauseous": {
    "sounds": [
      {
        "name": "custom:Nauseous",
        "stream": false
      }
    ]
  },
  "necromancer": {
    "sounds": [
      {
        "name": "custom:Necromancer",
        "stream": false
      }
    ]
  },
  "negotiation": {
    "sounds": [
      {
        "name": "custom:Negotiation",
        "stream": false
      }
    ]
  },
  "neuroplasticity": {
    "sounds": [
      {
        "name": "custom:Neuroplasticity",
        "stream": false
      }
    ]
  },
  "neuropsychological": {
    "sounds": [
      {
        "name": "custom:Neuropsychological",
        "stream": false
      }
    ]
  },
  "nomenclature": {
    "sounds": [
      {
        "name": "custom:Nomenclature",
        "stream": false
      }
    ]
  },
  "nonplussed": {
    "sounds": [
      {
        "name": "custom:Nonplussed",
        "stream": false
      }
    ]
  },
  "normal": {
    "sounds": [
      {
        "name": "custom:Normal",
        "stream": false
      }
    ]
  },
  "notorious": {
    "sounds": [
      {
        "name": "custom:Notorious",
        "stream": false
      }
    ]
  },
  "oasis": {
    "sounds": [
      {
        "name": "custom:Oasis",
        "stream": false
      }
    ]
  },
  "obesity": {
    "sounds": [
      {
        "name": "custom:Obesity",
        "stream": false
      }
    ]
  },
  "obfuscation": {
    "sounds": [
      {
        "name": "custom:Obfuscation",
        "stream": false
      }
    ]
  },
  "obituary": {
    "sounds": [
      {
        "name": "custom:Obituary",
        "stream": false
      }
    ]
  },
  "oblivious": {
    "sounds": [
      {
        "name": "custom:Oblivious",
        "stream": false
      }
    ]
  },
  "offender": {
    "sounds": [
      {
        "name": "custom:Offender",
        "stream": false
      }
    ]
  },
  "oligonucleotide": {
    "sounds": [
      {
        "name": "custom:Oligonucleotide",
        "stream": false
      }
    ]
  },
  "onomatopoeia": {
    "sounds": [
      {
        "name": "custom:Onomatopoeia",
        "stream": false
      }
    ]
  },
  "opaque": {
    "sounds": [
      {
        "name": "custom:Opaque",
        "stream": false
      }
    ]
  },
  "optimism": {
    "sounds": [
      {
        "name": "custom:Optimism",
        "stream": false
      }
    ]
  },
  "orange": {
    "sounds": [
      {
        "name": "custom:Orange",
        "stream": false
      }
    ]
  },
  "orthogeosyncline": {
    "sounds": [
      {
        "name": "custom:Orthogeosyncline",
        "stream": false
      }
    ]
  },
  "otorhinolaryngological": {
    "sounds": [
      {
        "name": "custom:Otorhinolaryngological",
        "stream": false
      }
    ]
  },
  "palatine": {
    "sounds": [
      {
        "name": "custom:Palatine",
        "stream": false
      }
    ]
  },
  "pantograph": {
    "sounds": [
      {
        "name": "custom:Pantograph",
        "stream": false
      }
    ]
  },
  "paradigm": {
    "sounds": [
      {
        "name": "custom:Paradigm",
        "stream": false
      }
    ]
  },
  "paradox": {
    "sounds": [
      {
        "name": "custom:Paradox",
        "stream": false
      }
    ]
  },
  "parallel": {
    "sounds": [
      {
        "name": "custom:Parallel",
        "stream": false
      }
    ]
  },
  "parallelogrammatic": {
    "sounds": [
      {
        "name": "custom:Parallelogrammatic",
        "stream": false
      }
    ]
  },
  "paraphernalia": {
    "sounds": [
      {
        "name": "custom:Paraphernalia",
        "stream": false
      }
    ]
  },
  "parliamentary": {
    "sounds": [
      {
        "name": "custom:Parliamentary",
        "stream": false
      }
    ]
  },
  "paroxysm": {
    "sounds": [
      {
        "name": "custom:Paroxysm",
        "stream": false
      }
    ]
  },
  "participation": {
    "sounds": [
      {
        "name": "custom:Participation",
        "stream": false
      }
    ]
  },
  "passionate": {
    "sounds": [
      {
        "name": "custom:Passionate",
        "stream": false
      }
    ]
  },
  "password": {
    "sounds": [
      {
        "name": "custom:Password",
        "stream": false
      }
    ]
  },
  "pasta": {
    "sounds": [
      {
        "name": "custom:Pasta",
        "stream": false
      }
    ]
  },
  "pecuniary": {
    "sounds": [
      {
        "name": "custom:Pecuniary",
        "stream": false
      }
    ]
  },
  "peppermint": {
    "sounds": [
      {
        "name": "custom:Peppermint",
        "stream": false
      }
    ]
  },
  "periodically": {
    "sounds": [
      {
        "name": "custom:Periodically",
        "stream": false
      }
    ]
  },
  "personnel": {
    "sounds": [
      {
        "name": "custom:Personnel",
        "stream": false
      }
    ]
  },
  "perspicacious": {
    "sounds": [
      {
        "name": "custom:Perspicacious",
        "stream": false
      }
    ]
  },
  "pessimistic": {
    "sounds": [
      {
        "name": "custom:Pessimistic",
        "stream": false
      }
    ]
  },
  "pestilence": {
    "sounds": [
      {
        "name": "custom:Pestilence",
        "stream": false
      }
    ]
  },
  "phenomenon": {
    "sounds": [
      {
        "name": "custom:Phenomenon",
        "stream": false
      }
    ]
  },
  "phlegm": {
    "sounds": [
      {
        "name": "custom:Phlegm",
        "stream": false
      }
    ]
  },
  "photographer": {
    "sounds": [
      {
        "name": "custom:Photographer",
        "stream": false
      }
    ]
  },
  "photoplethysmography": {
    "sounds": [
      {
        "name": "custom:Photoplethysmography",
        "stream": false
      }
    ]
  },
  "pink": {
    "sounds": [
      {
        "name": "custom:Pink",
        "stream": false
      }
    ]
  },
  "pirouette": {
    "sounds": [
      {
        "name": "custom:Pirouette",
        "stream": false
      }
    ]
  },
  "plenipotentiary": {
    "sounds": [
      {
        "name": "custom:Plenipotentiary",
        "stream": false
      }
    ]
  },
  "plethora": {
    "sounds": [
      {
        "name": "custom:Plethora",
        "stream": false
      }
    ]
  },
  "pneumoencephalography": {
    "sounds": [
      {
        "name": "custom:Pneumoencephalography",
        "stream": false
      }
    ]
  },
  "pneumonoultramicroscopicsilicovolcanoconiosis": {
    "sounds": [
      {
        "name": "custom:Pneumonoultramicroscopicsilicovolcanoconiosis",
        "stream": false
      }
    ]
  },
  "polydactyly": {
    "sounds": [
      {
        "name": "custom:Polydactyly",
        "stream": false
      }
    ]
  },
  "polyphiloprogenitive": {
    "sounds": [
      {
        "name": "custom:Polyphiloprogenitive",
        "stream": false
      }
    ]
  },
  "pomegranate": {
    "sounds": [
      {
        "name": "custom:Pomegranate",
        "stream": false
      }
    ]
  },
  "portfolio": {
    "sounds": [
      {
        "name": "custom:Portfolio",
        "stream": false
      }
    ]
  },
  "portmanteau": {
    "sounds": [
      {
        "name": "custom:Portmanteau",
        "stream": false
      }
    ]
  },
  "powder": {
    "sounds": [
      {
        "name": "custom:Powder",
        "stream": false
      }
    ]
  },
  "power": {
    "sounds": [
      {
        "name": "custom:Power",
        "stream": false
      }
    ]
  },
  "prank": {
    "sounds": [
      {
        "name": "custom:Prank",
        "stream": false
      }
    ]
  },
  "predecessor": {
    "sounds": [
      {
        "name": "custom:Predecessor",
        "stream": false
      }
    ]
  },
  "predominantly": {
    "sounds": [
      {
        "name": "custom:Predominantly",
        "stream": false
      }
    ]
  },
  "prestigious": {
    "sounds": [
      {
        "name": "custom:Prestigious",
        "stream": false
      }
    ]
  },
  "probably": {
    "sounds": [
      {
        "name": "custom:Probably",
        "stream": false
      }
    ]
  },
  "problematic": {
    "sounds": [
      {
        "name": "custom:Problematic",
        "stream": false
      }
    ]
  },
  "proclamation": {
    "sounds": [
      {
        "name": "custom:Proclamation",
        "stream": false
      }
    ]
  },
  "procrastinate": {
    "sounds": [
      {
        "name": "custom:Procrastinate",
        "stream": false
      }
    ]
  },
  "pronunciation": {
    "sounds": [
      {
        "name": "custom:Pronunciation",
        "stream": false
      }
    ]
  },
  "proof": {
    "sounds": [
      {
        "name": "custom:Proof",
        "stream": false
      }
    ]
  },
  "propaganda": {
    "sounds": [
      {
        "name": "custom:Propaganda",
        "stream": false
      }
    ]
  },
  "pseudopseudohypoparathyroidism": {
    "sounds": [
      {
        "name": "custom:Pseudopseudohypoparathyroidism",
        "stream": false
      }
    ]
  },
  "pseudorhombicuboctahedron": {
    "sounds": [
      {
        "name": "custom:Pseudorhombicuboctahedron",
        "stream": false
      }
    ]
  },
  "psychological": {
    "sounds": [
      {
        "name": "custom:Psychological",
        "stream": false
      }
    ]
  },
  "psychoneuroendocrinological": {
    "sounds": [
      {
        "name": "custom:Psychoneuroendocrinological",
        "stream": false
      }
    ]
  },
  "psychoneuroimmunology": {
    "sounds": [
      {
        "name": "custom:Psychoneuroimmunology",
        "stream": false
      }
    ]
  },
  "psychophysicotherapeutics": {
    "sounds": [
      {
        "name": "custom:Psychophysicotherapeutics",
        "stream": false
      }
    ]
  },
  "puerile": {
    "sounds": [
      {
        "name": "custom:Puerile",
        "stream": false
      }
    ]
  },
  "pugnacious": {
    "sounds": [
      {
        "name": "custom:Pugnacious",
        "stream": false
      }
    ]
  },
  "pulchritudinous": {
    "sounds": [
      {
        "name": "custom:Pulchritudinous",
        "stream": false
      }
    ]
  },
  "purple": {
    "sounds": [
      {
        "name": "custom:Purple",
        "stream": false
      }
    ]
  },
  "pursuit": {
    "sounds": [
      {
        "name": "custom:Pursuit",
        "stream": false
      }
    ]
  },
  "pusillanimous": {
    "sounds": [
      {
        "name": "custom:Pusillanimous",
        "stream": false
      }
    ]
  },
  "pygmy": {
    "sounds": [
      {
        "name": "custom:Pygmy",
        "stream": false
      }
    ]
  },
  "quack": {
    "sounds": [
      {
        "name": "custom:Quack",
        "stream": false
      }
    ]
  },
  "quasiautobiographical": {
    "sounds": [
      {
        "name": "custom:Quasiautobiographical",
        "stream": false
      }
    ]
  },
  "quasquicentennial": {
    "sounds": [
      {
        "name": "custom:Quasquicentennial",
        "stream": false
      }
    ]
  },
  "queen": {
    "sounds": [
      {
        "name": "custom:Queen",
        "stream": false
      }
    ]
  },
  "querimony": {
    "sounds": [
      {
        "name": "custom:Querimony",
        "stream": false
      }
    ]
  },
  "quill": {
    "sounds": [
      {
        "name": "custom:Quill",
        "stream": false
      }
    ]
  },
  "quindecasyllabic": {
    "sounds": [
      {
        "name": "custom:Quindecasyllabic",
        "stream": false
      }
    ]
  },
  "quixotry": {
    "sounds": [
      {
        "name": "custom:Quixotry",
        "stream": false
      }
    ]
  },
  "quoddamodotative": {
    "sounds": [
      {
        "name": "custom:Quoddamodotative",
        "stream": false
      }
    ]
  },
  "radiometeorograph": {
    "sounds": [
      {
        "name": "custom:Radiometeorograph",
        "stream": false
      }
    ]
  },
  "rain": {
    "sounds": [
      {
        "name": "custom:Rain",
        "stream": false
      }
    ]
  },
  "rally": {
    "sounds": [
      {
        "name": "custom:Rally",
        "stream": false
      }
    ]
  },
  "rambunctious": {
    "sounds": [
      {
        "name": "custom:Rambunctious",
        "stream": false
      }
    ]
  },
  "random": {
    "sounds": [
      {
        "name": "custom:Random",
        "stream": false
      }
    ]
  },
  "ravenous": {
    "sounds": [
      {
        "name": "custom:Ravenous",
        "stream": false
      }
    ]
  },
  "recession": {
    "sounds": [
      {
        "name": "custom:Recession",
        "stream": false
      }
    ]
  },
  "recipient": {
    "sounds": [
      {
        "name": "custom:Recipient",
        "stream": false
      }
    ]
  },
  "red": {
    "sounds": [
      {
        "name": "custom:Red",
        "stream": false
      }
    ]
  },
  "refrain": {
    "sounds": [
      {
        "name": "custom:Refrain",
        "stream": false
      }
    ]
  },
  "refugee": {
    "sounds": [
      {
        "name": "custom:Refugee",
        "stream": false
      }
    ]
  },
  "rehabilitation": {
    "sounds": [
      {
        "name": "custom:Rehabilitation",
        "stream": false
      }
    ]
  },
  "reincarnation": {
    "sounds": [
      {
        "name": "custom:Reincarnation",
        "stream": false
      }
    ]
  },
  "reliability": {
    "sounds": [
      {
        "name": "custom:Reliability",
        "stream": false
      }
    ]
  },
  "remarkable": {
    "sounds": [
      {
        "name": "custom:Remarkable",
        "stream": false
      }
    ]
  },
  "reminiscence": {
    "sounds": [
      {
        "name": "custom:Reminiscence",
        "stream": false
      }
    ]
  },
  "rendezvous": {
    "sounds": [
      {
        "name": "custom:Rendezvous",
        "stream": false
      }
    ]
  },
  "reply": {
    "sounds": [
      {
        "name": "custom:Reply",
        "stream": false
      }
    ]
  },
  "residential": {
    "sounds": [
      {
        "name": "custom:Residential",
        "stream": false
      }
    ]
  },
  "resilience": {
    "sounds": [
      {
        "name": "custom:Resilience",
        "stream": false
      }
    ]
  },
  "resurrection": {
    "sounds": [
      {
        "name": "custom:Resurrection",
        "stream": false
      }
    ]
  },
  "revelation": {
    "sounds": [
      {
        "name": "custom:Revelation",
        "stream": false
      }
    ]
  },
  "rhythm": {
    "sounds": [
      {
        "name": "custom:Rhythm",
        "stream": false
      }
    ]
  },
  "ricochet": {
    "sounds": [
      {
        "name": "custom:Ricochet",
        "stream": false
      }
    ]
  },
  "robust": {
    "sounds": [
      {
        "name": "custom:Robust",
        "stream": false
      }
    ]
  },
  "ruby": {
    "sounds": [
      {
        "name": "custom:Ruby",
        "stream": false
      }
    ]
  },
  "sagacious": {
    "sounds": [
      {
        "name": "custom:Sagacious",
        "stream": false
      }
    ]
  },
  "sapphire": {
    "sounds": [
      {
        "name": "custom:Sapphire",
        "stream": false
      }
    ]
  },
  "sarcophagus": {
    "sounds": [
      {
        "name": "custom:Sarcophagus",
        "stream": false
      }
    ]
  },
  "sclerectoiridectomy": {
    "sounds": [
      {
        "name": "custom:Sclerectoiridectomy",
        "stream": false
      }
    ]
  },
  "scrutiny": {
    "sounds": [
      {
        "name": "custom:Scrutiny",
        "stream": false
      }
    ]
  },
  "secret": {
    "sounds": [
      {
        "name": "custom:Secret",
        "stream": false
      }
    ]
  },
  "seldom": {
    "sounds": [
      {
        "name": "custom:Seldom",
        "stream": false
      }
    ]
  },
  "semaphore": {
    "sounds": [
      {
        "name": "custom:Semaphore",
        "stream": false
      }
    ]
  },
  "semicircle": {
    "sounds": [
      {
        "name": "custom:Semicircle",
        "stream": false
      }
    ]
  },
  "sentimental": {
    "sounds": [
      {
        "name": "custom:Sentimental",
        "stream": false
      }
    ]
  },
  "separation": {
    "sounds": [
      {
        "name": "custom:Separation",
        "stream": false
      }
    ]
  },
  "sequoia": {
    "sounds": [
      {
        "name": "custom:Sequoia",
        "stream": false
      }
    ]
  },
  "serendipity": {
    "sounds": [
      {
        "name": "custom:Serendipity",
        "stream": false
      }
    ]
  },
  "sesquipedalian": {
    "sounds": [
      {
        "name": "custom:Sesquipedalian",
        "stream": false
      }
    ]
  },
  "shake": {
    "sounds": [
      {
        "name": "custom:Shake",
        "stream": false
      }
    ]
  },
  "shareholder": {
    "sounds": [
      {
        "name": "custom:Shareholder",
        "stream": false
      }
    ]
  },
  "sigh": {
    "sounds": [
      {
        "name": "custom:Sigh",
        "stream": false
      }
    ]
  },
  "significance": {
    "sounds": [
      {
        "name": "custom:Significance",
        "stream": false
      }
    ]
  },
  "silhouette": {
    "sounds": [
      {
        "name": "custom:Silhouette",
        "stream": false
      }
    ]
  },
  "simultaneous": {
    "sounds": [
      {
        "name": "custom:Simultaneous",
        "stream": false
      }
    ]
  },
  "size": {
    "sounds": [
      {
        "name": "custom:Size",
        "stream": false
      }
    ]
  },
  "sniffle": {
    "sounds": [
      {
        "name": "custom:Sniffle",
        "stream": false
      }
    ]
  },
  "snow": {
    "sounds": [
      {
        "name": "custom:Snow",
        "stream": false
      }
    ]
  },
  "soda": {
    "sounds": [
      {
        "name": "custom:Soda",
        "stream": false
      }
    ]
  },
  "solidarity": {
    "sounds": [
      {
        "name": "custom:Solidarity",
        "stream": false
      }
    ]
  },
  "soliloquy": {
    "sounds": [
      {
        "name": "custom:Soliloquy",
        "stream": false
      }
    ]
  },
  "sovereignty": {
    "sounds": [
      {
        "name": "custom:Sovereignty",
        "stream": false
      }
    ]
  },
  "special": {
    "sounds": [
      {
        "name": "custom:Special",
        "stream": false
      }
    ]
  },
  "spectrophotofluorometry": {
    "sounds": [
      {
        "name": "custom:Spectrophotofluorometry",
        "stream": false
      }
    ]
  },
  "spectrophotometer": {
    "sounds": [
      {
        "name": "custom:Spectrophotometer",
        "stream": false
      }
    ]
  },
  "spell1": {
    "sounds": [
      {
        "name": "custom:spell1",
        "stream": false
      }
    ]
  },
  "spell2": {
    "sounds": [
      {
        "name": "custom:spell2",
        "stream": false
      }
    ]
  },
  "spell3": {
    "sounds": [
      {
        "name": "custom:spell3",
        "stream": false
      }
    ]
  },
  "spell4": {
    "sounds": [
      {
        "name": "custom:spell4",
        "stream": false
      }
    ]
  },
  "spell5": {
    "sounds": [
      {
        "name": "custom:spell5",
        "stream": false
      }
    ]
  },
  "sphygmomanometer": {
    "sounds": [
      {
        "name": "custom:Sphygmomanometer",
        "stream": false
      }
    ]
  },
  "spokesperson": {
    "sounds": [
      {
        "name": "custom:Spokesperson",
        "stream": false
      }
    ]
  },
  "star": {
    "sounds": [
      {
        "name": "custom:Star",
        "stream": false
      }
    ]
  },
  "state": {
    "sounds": [
      {
        "name": "custom:State",
        "stream": false
      }
    ]
  },
  "steadfast": {
    "sounds": [
      {
        "name": "custom:Steadfast",
        "stream": false
      }
    ]
  },
  "stereoelectroencephalography": {
    "sounds": [
      {
        "name": "custom:Stereoelectroencephalography",
        "stream": false
      }
    ]
  },
  "stereotype": {
    "sounds": [
      {
        "name": "custom:Stereotype",
        "stream": false
      }
    ]
  },
  "still": {
    "sounds": [
      {
        "name": "custom:Still",
        "stream": false
      }
    ]
  },
  "strategic": {
    "sounds": [
      {
        "name": "custom:Strategic",
        "stream": false
      }
    ]
  },
  "stumble": {
    "sounds": [
      {
        "name": "custom:Stumble",
        "stream": false
      }
    ]
  },
  "subcompartmentalization": {
    "sounds": [
      {
        "name": "custom:Subcompartmentalization",
        "stream": false
      }
    ]
  },
  "subdermatoglyphic": {
    "sounds": [
      {
        "name": "custom:Subdermatoglyphic",
        "stream": false
      }
    ]
  },
  "subpoena": {
    "sounds": [
      {
        "name": "custom:Subpoena",
        "stream": false
      }
    ]
  },
  "subsidy": {
    "sounds": [
      {
        "name": "custom:Subsidy",
        "stream": false
      }
    ]
  },
  "subterranean": {
    "sounds": [
      {
        "name": "custom:Subterranean",
        "stream": false
      }
    ]
  },
  "suck": {
    "sounds": [
      {
        "name": "custom:Suck",
        "stream": false
      }
    ]
  },
  "supercalifragilisticexpialidocious": {
    "sounds": [
      {
        "name": "custom:Supercalifragilisticexpialidocious",
        "stream": false
      }
    ]
  },
  "supererogatory": {
    "sounds": [
      {
        "name": "custom:Supererogatory",
        "stream": false
      }
    ]
  },
  "superferromagnetism": {
    "sounds": [
      {
        "name": "custom:Superferromagnetism",
        "stream": false
      }
    ]
  },
  "supposedly": {
    "sounds": [
      {
        "name": "custom:Supposedly",
        "stream": false
      }
    ]
  },
  "surrogate": {
    "sounds": [
      {
        "name": "custom:Surrogate",
        "stream": false
      }
    ]
  },
  "surveillance": {
    "sounds": [
      {
        "name": "custom:Surveillance",
        "stream": false
      }
    ]
  },
  "susceptible": {
    "sounds": [
      {
        "name": "custom:Susceptible",
        "stream": false
      }
    ]
  },
  "susurration": {
    "sounds": [
      {
        "name": "custom:Susurration",
        "stream": false
      }
    ]
  },
  "syllable": {
    "sounds": [
      {
        "name": "custom:Syllable",
        "stream": false
      }
    ]
  },
  "syllepsis": {
    "sounds": [
      {
        "name": "custom:Syllepsis",
        "stream": false
      }
    ]
  },
  "symbiosis": {
    "sounds": [
      {
        "name": "custom:Symbiosis",
        "stream": false
      }
    ]
  },
  "symmetrical": {
    "sounds": [
      {
        "name": "custom:Symmetrical",
        "stream": false
      }
    ]
  },
  "syntax": {
    "sounds": [
      {
        "name": "custom:Syntax",
        "stream": false
      }
    ]
  },
  "systematic": {
    "sounds": [
      {
        "name": "custom:Systematic",
        "stream": false
      }
    ]
  },
  "syzygy": {
    "sounds": [
      {
        "name": "custom:Syzygy",
        "stream": false
      }
    ]
  },
  "tangerine": {
    "sounds": [
      {
        "name": "custom:Tangerine",
        "stream": false
      }
    ]
  },
  "tank": {
    "sounds": [
      {
        "name": "custom:Tank",
        "stream": false
      }
    ]
  },
  "telepathy": {
    "sounds": [
      {
        "name": "custom:Telepathy",
        "stream": false
      }
    ]
  },
  "tempestuous": {
    "sounds": [
      {
        "name": "custom:Tempestuous",
        "stream": false
      }
    ]
  },
  "tetraphobia": {
    "sounds": [
      {
        "name": "custom:Tetraphobia",
        "stream": false
      }
    ]
  },
  "thalassophobia": {
    "sounds": [
      {
        "name": "custom:Thalassophobia",
        "stream": false
      }
    ]
  },
  "therapeutic": {
    "sounds": [
      {
        "name": "custom:Therapeutic",
        "stream": false
      }
    ]
  },
  "thesaurus": {
    "sounds": [
      {
        "name": "custom:Thesaurus",
        "stream": false
      }
    ]
  },
  "thesis": {
    "sounds": [
      {
        "name": "custom:Thesis",
        "stream": false
      }
    ]
  },
  "tintinnabulation": {
    "sounds": [
      {
        "name": "custom:Tintinnabulation",
        "stream": false
      }
    ]
  },
  "tonsillopharyngitis": {
    "sounds": [
      {
        "name": "custom:Tonsillopharyngitis",
        "stream": false
      }
    ]
  },
  "town": {
    "sounds": [
      {
        "name": "custom:Town",
        "stream": false
      }
    ]
  },
  "transaction": {
    "sounds": [
      {
        "name": "custom:Transaction",
        "stream": false
      }
    ]
  },
  "transinstitutionalization": {
    "sounds": [
      {
        "name": "custom:Transinstitutionalization",
        "stream": false
      }
    ]
  },
  "translucent": {
    "sounds": [
      {
        "name": "custom:Translucent",
        "stream": false
      }
    ]
  },
  "transparency": {
    "sounds": [
      {
        "name": "custom:Transparency",
        "stream": false
      }
    ]
  },
  "transportation": {
    "sounds": [
      {
        "name": "custom:Transportation",
        "stream": false
      }
    ]
  },
  "trauma": {
    "sounds": [
      {
        "name": "custom:Trauma",
        "stream": false
      }
    ]
  },
  "tree": {
    "sounds": [
      {
        "name": "custom:Tree",
        "stream": false
      }
    ]
  },
  "tremendous": {
    "sounds": [
      {
        "name": "custom:Tremendous",
        "stream": false
      }
    ]
  },
  "triphosphate": {
    "sounds": [
      {
        "name": "custom:Triphosphate",
        "stream": false
      }
    ]
  },
  "twenty": {
    "sounds": [
      {
        "name": "custom:Twenty",
        "stream": false
      }
    ]
  },
  "twist": {
    "sounds": [
      {
        "name": "custom:Twist",
        "stream": false
      }
    ]
  },
  "ubiquitous": {
    "sounds": [
      {
        "name": "custom:Ubiquitous",
        "stream": false
      }
    ]
  },
  "uncharacteristic": {
    "sounds": [
      {
        "name": "custom:Uncharacteristic",
        "stream": false
      }
    ]
  },
  "uncomfortable": {
    "sounds": [
      {
        "name": "custom:Uncomfortable",
        "stream": false
      }
    ]
  },
  "understand": {
    "sounds": [
      {
        "name": "custom:Understand",
        "stream": false
      }
    ]
  },
  "unprecedented": {
    "sounds": [
      {
        "name": "custom:Unprecedented",
        "stream": false
      }
    ]
  },
  "update": {
    "sounds": [
      {
        "name": "custom:Update",
        "stream": false
      }
    ]
  },
  "utilitarianism": {
    "sounds": [
      {
        "name": "custom:Utilitarianism",
        "stream": false
      }
    ]
  },
  "vague": {
    "sounds": [
      {
        "name": "custom:Vague",
        "stream": false
      }
    ]
  },
  "validity": {
    "sounds": [
      {
        "name": "custom:Validity",
        "stream": false
      }
    ]
  },
  "venerate": {
    "sounds": [
      {
        "name": "custom:Venerate",
        "stream": false
      }
    ]
  },
  "ventriculocisternostomy": {
    "sounds": [
      {
        "name": "custom:Ventriculocisternostomy",
        "stream": false
      }
    ]
  },
  "verbatim": {
    "sounds": [
      {
        "name": "custom:Verbatim",
        "stream": false
      }
    ]
  },
  "verisimilitude": {
    "sounds": [
      {
        "name": "custom:Verisimilitude",
        "stream": false
      }
    ]
  },
  "vexatious": {
    "sounds": [
      {
        "name": "custom:Vexatious",
        "stream": false
      }
    ]
  },
  "vignette": {
    "sounds": [
      {
        "name": "custom:Vignette",
        "stream": false
      }
    ]
  },
  "villain": {
    "sounds": [
      {
        "name": "custom:Villain",
        "stream": false
      }
    ]
  },
  "violation": {
    "sounds": [
      {
        "name": "custom:Violation",
        "stream": false
      }
    ]
  },
  "voluntary": {
    "sounds": [
      {
        "name": "custom:Voluntary",
        "stream": false
      }
    ]
  },
  "vulnerability": {
    "sounds": [
      {
        "name": "custom:Vulnerability",
        "stream": false
      }
    ]
  },
  "water": {
    "sounds": [
      {
        "name": "custom:Water",
        "stream": false
      }
    ]
  },
  "wednesday": {
    "sounds": [
      {
        "name": "custom:Wednesday",
        "stream": false
      }
    ]
  },
  "white": {
    "sounds": [
      {
        "name": "custom:White",
        "stream": false
      }
    ]
  },
  "wholeheartedly": {
    "sounds": [
      {
        "name": "custom:Wholeheartedly",
        "stream": false
      }
    ]
  },
  "wind": {
    "sounds": [
      {
        "name": "custom:Wind",
        "stream": false
      }
    ]
  },
  "worcestershire": {
    "sounds": [
      {
        "name": "custom:Worcestershire",
        "stream": false
      }
    ]
  },
  "word": {
    "sounds": [
      {
        "name": "custom:Word",
        "stream": false
      }
    ]
  },
  "workout": {
    "sounds": [
      {
        "name": "custom:Workout",
        "stream": false
      }
    ]
  },
  "worthwhile": {
    "sounds": [
      {
        "name": "custom:Worthwhile",
        "stream": false
      }
    ]
  },
  "wrist": {
    "sounds": [
      {
        "name": "custom:Wrist",
        "stream": false
      }
    ]
  },
  "xenogeneic": {
    "sounds": [
      {
        "name": "custom:Xenogeneic",
        "stream": false
      }
    ]
  },
  "xylotypographic": {
    "sounds": [
      {
        "name": "custom:Xylotypographic",
        "stream": false
      }
    ]
  },
  "zoo": {
    "sounds": [
      {
        "name": "custom:Zoo",
        "stream": false
      }
    ]
  },
  "zygote": {
    "sounds": [
      {
        "name": "custom:Zygote",
        "stream": false
      }
    ]
  }
}