{
  "abacaxi": {
    "sounds": [
      {
        "name": "custom:Abacaxi"
      }
    ]
  },
  "abasia": {
    "sounds": [
      {
        "name": "custom:Abasia"
      }
    ]
  },
  "abditive": {
    "sounds": [
      {
        "name": "custom:Abditive"
      }
    ]
  },
  "abdomen": {
    "sounds": [
      {
        "name": "custom:Abdomen"
      }
    ]
  },
  "abdominothoracic": {
    "sounds": [
      {
        "name": "custom:Abdominothoracic"
      }
    ]
  },
  "abhorrent": {
    "sounds": [
      {
        "name": "custom:Abhorrent"
      }
    ]
  },
  "abolish": {
    "sounds": [
      {
        "name": "custom:Abolish"
      }
    ]
  },
  "absence": {
    "sounds": [
      {
        "name": "custom:Absence"
      }
    ]
  },
  "absorb": {
    "sounds": [
      {
        "name": "custom:Absorb"
      }
    ]
  },
  "abstract": {
    "sounds": [
      {
        "name": "custom:Abstract"
      }
    ]
  },
  "accommodate": {
    "sounds": [
      {
        "name": "custom:Accommodate"
      }
    ]
  },
  "accomplishment": {
    "sounds": [
      {
        "name": "custom:Accomplishment"
      }
    ]
  },
  "acculturate": {
    "sounds": [
      {
        "name": "custom:Acculturate"
      }
    ]
  },
  "accumulation": {
    "sounds": [
      {
        "name": "custom:Accumulation"
      }
    ]
  },
  "acetaminophen": {
    "sounds": [
      {
        "name": "custom:Acetaminophen"
      }
    ]
  },
  "achromatophil": {
    "sounds": [
      {
        "name": "custom:Achromatophil"
      }
    ]
  },
  "acquiesce": {
    "sounds": [
      {
        "name": "custom:Acquiesce"
      }
    ]
  },
  "adrenocorticotropin": {
    "sounds": [
      {
        "name": "custom:Adrenocorticotropin"
      }
    ]
  },
  "adversity": {
    "sounds": [
      {
        "name": "custom:Adversity"
      }
    ]
  },
  "aegis": {
    "sounds": [
      {
        "name": "custom:Aegis"
      }
    ]
  },
  "aerodynamic": {
    "sounds": [
      {
        "name": "custom:Aerodynamic"
      }
    ]
  },
  "aforementioned": {
    "sounds": [
      {
        "name": "custom:Aforementioned"
      }
    ]
  },
  "agaric": {
    "sounds": [
      {
        "name": "custom:Agaric"
      }
    ]
  },
  "aggrandize": {
    "sounds": [
      {
        "name": "custom:Aggrandize"
      }
    ]
  },
  "agnostic": {
    "sounds": [
      {
        "name": "custom:Agnostic"
      }
    ]
  },
  "agoraphobia": {
    "sounds": [
      {
        "name": "custom:Agoraphobia"
      }
    ]
  },
  "agoraphobic": {
    "sounds": [
      {
        "name": "custom:Agoraphobic"
      }
    ]
  },
  "agriculture": {
    "sounds": [
      {
        "name": "custom:Agriculture"
      }
    ]
  },
  "akin": {
    "sounds": [
      {
        "name": "custom:Akin"
      }
    ]
  },
  "albeit": {
    "sounds": [
      {
        "name": "custom:Albeit"
      }
    ]
  },
  "alliance": {
    "sounds": [
      {
        "name": "custom:Alliance"
      }
    ]
  },
  "alphabet": {
    "sounds": [
      {
        "name": "custom:Alphabet"
      }
    ]
  },
  "ambidextrous": {
    "sounds": [
      {
        "name": "custom:Ambidextrous"
      }
    ]
  },
  "ambiguous": {
    "sounds": [
      {
        "name": "custom:Ambiguous"
      }
    ]
  },
  "anachronistic": {
    "sounds": [
      {
        "name": "custom:Anachronistic"
      }
    ]
  },
  "anaphylactic": {
    "sounds": [
      {
        "name": "custom:Anaphylactic"
      }
    ]
  },
  "anatomical": {
    "sounds": [
      {
        "name": "custom:Anatomical"
      }
    ]
  },
  "anemone": {
    "sounds": [
      {
        "name": "custom:Anemone"
      }
    ]
  },
  "angel": {
    "sounds": [
      {
        "name": "custom:Angel"
      }
    ]
  },
  "antediluvian": {
    "sounds": [
      {
        "name": "custom:Antediluvian"
      }
    ]
  },
  "anthropomorphization": {
    "sounds": [
      {
        "name": "custom:Anthropomorphization"
      }
    ]
  },
  "antidisestablishmentarianism": {
    "sounds": [
      {
        "name": "custom:Antidisestablishmentarianism"
      }
    ]
  },
  "antixerophthalmic": {
    "sounds": [
      {
        "name": "custom:Antixerophthalmic"
      }
    ]
  },
  "apocryphal": {
    "sounds": [
      {
        "name": "custom:Apocryphal"
      }
    ]
  },
  "apostrophe": {
    "sounds": [
      {
        "name": "custom:Apostrophe"
      }
    ]
  },
  "apothecary": {
    "sounds": [
      {
        "name": "custom:Apothecary"
      }
    ]
  },
  "appetite": {
    "sounds": [
      {
        "name": "custom:Appetite"
      }
    ]
  },
  "arthroereisis": {
    "sounds": [
      {
        "name": "custom:Arthroereisis"
      }
    ]
  },
  "articulate": {
    "sounds": [
      {
        "name": "custom:Articulate"
      }
    ]
  },
  "ash": {
    "sounds": [
      {
        "name": "custom:Ash"
      }
    ]
  },
  "asphyxiation": {
    "sounds": [
      {
        "name": "custom:Asphyxiation"
      }
    ]
  },
  "assumption": {
    "sounds": [
      {
        "name": "custom:Assumption"
      }
    ]
  },
  "asthma": {
    "sounds": [
      {
        "name": "custom:Asthma"
      }
    ]
  },
  "astigmatism": {
    "sounds": [
      {
        "name": "custom:Astigmatism"
      }
    ]
  },
  "asunder": {
    "sounds": [
      {
        "name": "custom:Asunder"
      }
    ]
  },
  "ataraxy": {
    "sounds": [
      {
        "name": "custom:Ataraxy"
      }
    ]
  },
  "atmospheric": {
    "sounds": [
      {
        "name": "custom:Atmospheric"
      }
    ]
  },
  "automatic": {
    "sounds": [
      {
        "name": "custom:Automatic"
      }
    ]
  },
  "autothaumaturgist": {
    "sounds": [
      {
        "name": "custom:Autothaumaturgist"
      }
    ]
  },
  "await": {
    "sounds": [
      {
        "name": "custom:Await"
      }
    ]
  },
  "baccalaureate": {
    "sounds": [
      {
        "name": "custom:Baccalaureate"
      }
    ]
  },
  "bamboo": {
    "sounds": [
      {
        "name": "custom:Bamboo"
      }
    ]
  },
  "bandeau": {
    "sounds": [
      {
        "name": "custom:Bandeau"
      }
    ]
  },
  "batrachophobia": {
    "sounds": [
      {
        "name": "custom:Batrachophobia"
      }
    ]
  },
  "bayonet": {
    "sounds": [
      {
        "name": "custom:Bayonet"
      }
    ]
  },
  "belvedere": {
    "sounds": [
      {
        "name": "custom:Belvedere"
      }
    ]
  },
  "beneficiary": {
    "sounds": [
      {
        "name": "custom:Beneficiary"
      }
    ]
  },
  "benevolence": {
    "sounds": [
      {
        "name": "custom:Benevolence"
      }
    ]
  },
  "betray": {
    "sounds": [
      {
        "name": "custom:Betray"
      }
    ]
  },
  "betwixt": {
    "sounds": [
      {
        "name": "custom:Betwixt"
      }
    ]
  },
  "bingo": {
    "sounds": [
      {
        "name": "custom:Bingo"
      }
    ]
  },
  "biography": {
    "sounds": [
      {
        "name": "custom:Biography"
      }
    ]
  },
  "bird": {
    "sounds": [
      {
        "name": "custom:Bird"
      }
    ]
  },
  "bizarre": {
    "sounds": [
      {
        "name": "custom:Bizarre"
      }
    ]
  },
  "black": {
    "sounds": [
      {
        "name": "custom:Black"
      }
    ]
  },
  "bodacious": {
    "sounds": [
      {
        "name": "custom:Bodacious"
      }
    ]
  },
  "bogolanfini": {
    "sounds": [
      {
        "name": "custom:Bogolanfini"
      }
    ]
  },
  "bomb": {
    "sounds": [
      {
        "name": "custom:Bomb"
      }
    ]
  },
  "book": {
    "sounds": [
      {
        "name": "custom:Book"
      }
    ]
  },
  "borborygmus": {
    "sounds": [
      {
        "name": "custom:Borborygmus"
      }
    ]
  },
  "bourgeoisie": {
    "sounds": [
      {
        "name": "custom:Bourgeoisie"
      }
    ]
  },
  "bourgeoisification": {
    "sounds": [
      {
        "name": "custom:Bourgeoisification"
      }
    ]
  },
  "brain": {
    "sounds": [
      {
        "name": "custom:Brain"
      }
    ]
  },
  "breakthrough": {
    "sounds": [
      {
        "name": "custom:Breakthrough"
      }
    ]
  },
  "broccoli": {
    "sounds": [
      {
        "name": "custom:Broccoli"
      }
    ]
  },
  "bronchitis": {
    "sounds": [
      {
        "name": "custom:Bronchitis"
      }
    ]
  },
  "brucellosis": {
    "sounds": [
      {
        "name": "custom:Brucellosis"
      }
    ]
  },
  "brusque": {
    "sounds": [
      {
        "name": "custom:Brusque"
      }
    ]
  },
  "bucolic": {
    "sounds": [
      {
        "name": "custom:Bucolic"
      }
    ]
  },
  "burger": {
    "sounds": [
      {
        "name": "custom:Burger"
      }
    ]
  },
  "burial": {
    "sounds": [
      {
        "name": "custom:Burial"
      }
    ]
  },
  "cabin": {
    "sounds": [
      {
        "name": "custom:Cabin"
      }
    ]
  },
  "cacophony": {
    "sounds": [
      {
        "name": "custom:Cacophony"
      }
    ]
  },
  "cake": {
    "sounds": [
      {
        "name": "custom:Cake"
      }
    ]
  },
  "calamitous": {
    "sounds": [
      {
        "name": "custom:Calamitous"
      }
    ]
  },
  "calibration": {
    "sounds": [
      {
        "name": "custom:Calibration"
      }
    ]
  },
  "calumny": {
    "sounds": [
      {
        "name": "custom:Calumny"
      }
    ]
  },
  "canaliculodacryocystorhinostomy": {
    "sounds": [
      {
        "name": "custom:Canaliculodacryocystorhinostomy"
      }
    ]
  },
  "capoeira": {
    "sounds": [
      {
        "name": "custom:Capoeira"
      }
    ]
  },
  "capricious": {
    "sounds": [
      {
        "name": "custom:Capricious"
      }
    ]
  },
  "car": {
    "sounds": [
      {
        "name": "custom:Car"
      }
    ]
  },
  "cat": {
    "sounds": [
      {
        "name": "custom:Cat"
      }
    ]
  },
  "caustic": {
    "sounds": [
      {
        "name": "custom:Caustic"
      }
    ]
  },
  "cerulean": {
    "sounds": [
      {
        "name": "custom:Cerulean"
      }
    ]
  },
  "champagne": {
    "sounds": [
      {
        "name": "custom:Champagne"
      }
    ]
  },
  "chargoggagoggmanchauggagoggchaubunagungamaugg": {
    "sounds": [
      {
        "name": "custom:Chargoggagoggmanchauggagoggchaubunagungamaugg"
      }
    ]
  },
  "charisma": {
    "sounds": [
      {
        "name": "custom:Charisma"
      }
    ]
  },
  "chauffeur": {
    "sounds": [
      {
        "name": "custom:Chauffeur"
      }
    ]
  },
  "chicken": {
    "sounds": [
      {
        "name": "custom:Chicken"
      }
    ]
  },
  "chlorophyll": {
    "sounds": [
      {
        "name": "custom:Chlorophyll"
      }
    ]
  },
  "cholangiopancreatography": {
    "sounds": [
      {
        "name": "custom:Cholangiopancreatography"
      }
    ]
  },
  "chronic": {
    "sounds": [
      {
        "name": "custom:Chronic"
      }
    ]
  },
  "chronological": {
    "sounds": [
      {
        "name": "custom:Chronological"
      }
    ]
  },
  "cinematographer": {
    "sounds": [
      {
        "name": "custom:Cinematographer"
      }
    ]
  },
  "circle": {
    "sounds": [
      {
        "name": "custom:Circle"
      }
    ]
  },
  "clandestine": {
    "sounds": [
      {
        "name": "custom:Clandestine"
      }
    ]
  },
  "clever": {
    "sounds": [
      {
        "name": "custom:Clever"
      }
    ]
  },
  "cliff": {
    "sounds": [
      {
        "name": "custom:Cliff"
      }
    ]
  },
  "clutch": {
    "sounds": [
      {
        "name": "custom:Clutch"
      }
    ]
  },
  "codicil": {
    "sounds": [
      {
        "name": "custom:Codicil"
      }
    ]
  },
  "cognitive": {
    "sounds": [
      {
        "name": "custom:Cognitive"
      }
    ]
  },
  "colloquialism": {
    "sounds": [
      {
        "name": "custom:Colloquialism"
      }
    ]
  },
  "combustible": {
    "sounds": [
      {
        "name": "custom:Combustible"
      }
    ]
  },
  "comeuppance": {
    "sounds": [
      {
        "name": "custom:Comeuppance"
      }
    ]
  },
  "commodity": {
    "sounds": [
      {
        "name": "custom:Commodity"
      }
    ]
  },
  "commodore": {
    "sounds": [
      {
        "name": "custom:Commodore"
      }
    ]
  },
  "compartmentalization": {
    "sounds": [
      {
        "name": "custom:Compartmentalization"
      }
    ]
  },
  "comply": {
    "sounds": [
      {
        "name": "custom:Comply"
      }
    ]
  },
  "compunction": {
    "sounds": [
      {
        "name": "custom:Compunction"
      }
    ]
  },
  "concentration": {
    "sounds": [
      {
        "name": "custom:Concentration"
      }
    ]
  },
  "congratulate": {
    "sounds": [
      {
        "name": "custom:Congratulate"
      }
    ]
  },
  "consanguine": {
    "sounds": [
      {
        "name": "custom:Consanguine"
      }
    ]
  },
  "consumption": {
    "sounds": [
      {
        "name": "custom:Consumption"
      }
    ]
  },
  "contradistinguish": {
    "sounds": [
      {
        "name": "custom:Contradistinguish"
      }
    ]
  },
  "controversial": {
    "sounds": [
      {
        "name": "custom:Controversial"
      }
    ]
  },
  "convey": {
    "sounds": [
      {
        "name": "custom:Convey"
      }
    ]
  },
  "convolvulaceous": {
    "sounds": [
      {
        "name": "custom:Convolvulaceous"
      }
    ]
  },
  "cooking": {
    "sounds": [
      {
        "name": "custom:Cooking"
      }
    ]
  },
  "cool": {
    "sounds": [
      {
        "name": "custom:Cool"
      }
    ]
  },
  "correspondence": {
    "sounds": [
      {
        "name": "custom:Correspondence"
      }
    ]
  },
  "corticopontocerebellar": {
    "sounds": [
      {
        "name": "custom:Corticopontocerebellar"
      }
    ]
  },
  "counterimmunoelectrophoresis": {
    "sounds": [
      {
        "name": "custom:Counterimmunoelectrophoresis"
      }
    ]
  },
  "counterintuitive": {
    "sounds": [
      {
        "name": "custom:Counterintuitive"
      }
    ]
  },
  "countermajoritarianism": {
    "sounds": [
      {
        "name": "custom:Countermajoritarianism"
      }
    ]
  },
  "crowd": {
    "sounds": [
      {
        "name": "custom:Crowd"
      }
    ]
  },
  "cuisine": {
    "sounds": [
      {
        "name": "custom:Cuisine"
      }
    ]
  },
  "culvert": {
    "sounds": [
      {
        "name": "custom:Culvert"
      }
    ]
  },
  "curious": {
    "sounds": [
      {
        "name": "custom:Curious"
      }
    ]
  },
  "cyrillic": {
    "sounds": [
      {
        "name": "custom:Cyrillic"
      }
    ]
  },
  "dad": {
    "sounds": [
      {
        "name": "custom:Dad"
      }
    ]
  },
  "dairy": {
    "sounds": [
      {
        "name": "custom:Dairy"
      }
    ]
  },
  "dauntless": {
    "sounds": [
      {
        "name": "custom:Dauntless"
      }
    ]
  },
  "debris": {
    "sounds": [
      {
        "name": "custom:Debris"
      }
    ]
  },
  "defenestration": {
    "sounds": [
      {
        "name": "custom:Defenestration"
      }
    ]
  },
  "defy": {
    "sounds": [
      {
        "name": "custom:Defy"
      }
    ]
  },
  "dehydrothiotoluidine": {
    "sounds": [
      {
        "name": "custom:Dehydrothiotoluidine"
      }
    ]
  },
  "deleterious": {
    "sounds": [
      {
        "name": "custom:Deleterious"
      }
    ]
  },
  "demon": {
    "sounds": [
      {
        "name": "custom:Demon"
      }
    ]
  },
  "dendrochronology": {
    "sounds": [
      {
        "name": "custom:Dendrochronology"
      }
    ]
  },
  "deoxyribonucleic": {
    "sounds": [
      {
        "name": "custom:Deoxyribonucleic"
      }
    ]
  },
  "depilatory": {
    "sounds": [
      {
        "name": "custom:Depilatory"
      }
    ]
  },
  "deployment": {
    "sounds": [
      {
        "name": "custom:Deployment"
      }
    ]
  },
  "derogatory": {
    "sounds": [
      {
        "name": "custom:Derogatory"
      }
    ]
  },
  "detrimental": {
    "sounds": [
      {
        "name": "custom:Detrimental"
      }
    ]
  },
  "dextrodeorsumversion": {
    "sounds": [
      {
        "name": "custom:Dextrodeorsumversion"
      }
    ]
  },
  "dichotomization": {
    "sounds": [
      {
        "name": "custom:Dichotomization"
      }
    ]
  },
  "diesel": {
    "sounds": [
      {
        "name": "custom:Diesel"
      }
    ]
  },
  "dilate": {
    "sounds": [
      {
        "name": "custom:Dilate"
      }
    ]
  },
  "discombobulate": {
    "sounds": [
      {
        "name": "custom:Discombobulate"
      }
    ]
  },
  "doctrine": {
    "sounds": [
      {
        "name": "custom:Doctrine"
      }
    ]
  },
  "dodecahedron": {
    "sounds": [
      {
        "name": "custom:Dodecahedron"
      }
    ]
  },
  "dog": {
    "sounds": [
      {
        "name": "custom:Dog"
      }
    ]
  },
  "dolphin": {
    "sounds": [
      {
        "name": "custom:Dolphin"
      }
    ]
  },
  "duck": {
    "sounds": [
      {
        "name": "custom:Duck"
      }
    ]
  },
  "echo": {
    "sounds": [
      {
        "name": "custom:Echo"
      }
    ]
  },
  "elaborate": {
    "sounds": [
      {
        "name": "custom:Elaborate"
      }
    ]
  },
  "electrotelethermometer": {
    "sounds": [
      {
        "name": "custom:Electrotelethermometer"
      }
    ]
  },
  "eloquent": {
    "sounds": [
      {
        "name": "custom:Eloquent"
      }
    ]
  },
  "embarrassment": {
    "sounds": [
      {
        "name": "custom:Embarrassment"
      }
    ]
  },
  "embassy": {
    "sounds": [
      {
        "name": "custom:Embassy"
      }
    ]
  },
  "emoji": {
    "sounds": [
      {
        "name": "custom:Emoji"
      }
    ]
  },
  "enact": {
    "sounds": [
      {
        "name": "custom:Enact"
      }
    ]
  },
  "enchantment": {
    "sounds": [
      {
        "name": "custom:Enchantment"
      }
    ]
  },
  "encore": {
    "sounds": [
      {
        "name": "custom:Encore"
      }
    ]
  },
  "entrepreneur": {
    "sounds": [
      {
        "name": "custom:Entrepreneur"
      }
    ]
  },
  "epiphany": {
    "sounds": [
      {
        "name": "custom:Epiphany"
      }
    ]
  },
  "epsilon": {
    "sounds": [
      {
        "name": "custom:Epsilon"
      }
    ]
  },
  "erratic": {
    "sounds": [
      {
        "name": "custom:Erratic"
      }
    ]
  },
  "erupt": {
    "sounds": [
      {
        "name": "custom:Erupt"
      }
    ]
  },
  "erythrocytapheresis": {
    "sounds": [
      {
        "name": "custom:Erythrocytapheresis"
      }
    ]
  },
  "ethnomethodology": {
    "sounds": [
      {
        "name": "custom:Ethnomethodology"
      }
    ]
  },
  "euphoria": {
    "sounds": [
      {
        "name": "custom:Euphoria"
      }
    ]
  },
  "exaggerate": {
    "sounds": [
      {
        "name": "custom:Exaggerate"
      }
    ]
  },
  "excalibur": {
    "sounds": [
      {
        "name": "custom:Excalibur"
      }
    ]
  },
  "excellent": {
    "sounds": [
      {
        "name": "custom:Excellent"
      }
    ]
  },
  "exert": {
    "sounds": [
      {
        "name": "custom:Exert"
      }
    ]
  },
  "exile": {
    "sounds": [
      {
        "name": "custom:Exile"
      }
    ]
  },
  "expenditure": {
    "sounds": [
      {
        "name": "custom:Expenditure"
      }
    ]
  },
  "extraterrestrial": {
    "sounds": [
      {
        "name": "custom:Extraterrestrial"
      }
    ]
  },
  "extravagant": {
    "sounds": [
      {
        "name": "custom:Extravagant"
      }
    ]
  },
  "facsimile": {
    "sounds": [
      {
        "name": "custom:Facsimile"
      }
    ]
  },
  "familiar": {
    "sounds": [
      {
        "name": "custom:Familiar"
      }
    ]
  },
  "fastidious": {
    "sounds": [
      {
        "name": "custom:Fastidious"
      }
    ]
  },
  "favorable": {
    "sounds": [
      {
        "name": "custom:Favorable"
      }
    ]
  },
  "ferriprotoporphyrin": {
    "sounds": [
      {
        "name": "custom:Ferriprotoporphyrin"
      }
    ]
  },
  "film": {
    "sounds": [
      {
        "name": "custom:Film"
      }
    ]
  },
  "filter": {
    "sounds": [
      {
        "name": "custom:Filter"
      }
    ]
  },
  "firefighter": {
    "sounds": [
      {
        "name": "custom:Firefighter"
      }
    ]
  },
  "fish": {
    "sounds": [
      {
        "name": "custom:Fish"
      }
    ]
  },
  "fissiparous": {
    "sounds": [
      {
        "name": "custom:Fissiparous"
      }
    ]
  },
  "fjord": {
    "sounds": [
      {
        "name": "custom:Fjord"
      }
    ]
  },
  "flibbertigibbet": {
    "sounds": [
      {
        "name": "custom:Flibbertigibbet"
      }
    ]
  },
  "floccinaucinihilipilification": {
    "sounds": [
      {
        "name": "custom:Floccinaucinihilipilification"
      }
    ]
  },
  "fluorescent": {
    "sounds": [
      {
        "name": "custom:Fluorescent"
      }
    ]
  },
  "foggy": {
    "sounds": [
      {
        "name": "custom:Foggy"
      }
    ]
  },
  "forbid": {
    "sounds": [
      {
        "name": "custom:Forbid"
      }
    ]
  },
  "formidable": {
    "sounds": [
      {
        "name": "custom:Formidable"
      }
    ]
  },
  "forthcoming": {
    "sounds": [
      {
        "name": "custom:Forthcoming"
      }
    ]
  },
  "fossiliferous": {
    "sounds": [
      {
        "name": "custom:Fossiliferous"
      }
    ]
  },
  "frolic": {
    "sounds": [
      {
        "name": "custom:Frolic"
      }
    ]
  },
  "fuchsia": {
    "sounds": [
      {
        "name": "custom:Fuchsia"
      }
    ]
  },
  "furious": {
    "sounds": [
      {
        "name": "custom:Furious"
      }
    ]
  },
  "gallant": {
    "sounds": [
      {
        "name": "custom:Gallant"
      }
    ]
  },
  "gastroenterologist": {
    "sounds": [
      {
        "name": "custom:Gastroenterologist"
      }
    ]
  },
  "gastronomic": {
    "sounds": [
      {
        "name": "custom:Gastronomic"
      }
    ]
  },
  "gazebo": {
    "sounds": [
      {
        "name": "custom:Gazebo"
      }
    ]
  },
  "gegenstandstheorie": {
    "sounds": [
      {
        "name": "custom:Gegenstandstheorie"
      }
    ]
  },
  "geitonogamy": {
    "sounds": [
      {
        "name": "custom:Geitonogamy"
      }
    ]
  },
  "gender": {
    "sounds": [
      {
        "name": "custom:Gender"
      }
    ]
  },
  "gentrification": {
    "sounds": [
      {
        "name": "custom:Gentrification"
      }
    ]
  },
  "giant": {
    "sounds": [
      {
        "name": "custom:Giant"
      }
    ]
  },
  "gibberish": {
    "sounds": [
      {
        "name": "custom:Gibberish"
      }
    ]
  },
  "glaucomatous": {
    "sounds": [
      {
        "name": "custom:Glaucomatous"
      }
    ]
  },
  "glockenspiel": {
    "sounds": [
      {
        "name": "custom:Glockenspiel"
      }
    ]
  },
  "glyceraldehyde": {
    "sounds": [
      {
        "name": "custom:Glyceraldehyde"
      }
    ]
  },
  "gold": {
    "sounds": [
      {
        "name": "custom:Gold"
      }
    ]
  },
  "gradual": {
    "sounds": [
      {
        "name": "custom:Gradual"
      }
    ]
  },
  "greedy": {
    "sounds": [
      {
        "name": "custom:Greedy"
      }
    ]
  },
  "green": {
    "sounds": [
      {
        "name": "custom:Green"
      }
    ]
  },
  "grub": {
    "sounds": [
      {
        "name": "custom:Grub"
      }
    ]
  },
  "gubernatorial": {
    "sounds": [
      {
        "name": "custom:Gubernatorial"
      }
    ]
  },
  "guideline": {
    "sounds": [
      {
        "name": "custom:Guideline"
      }
    ]
  },
  "handkerchief": {
    "sounds": [
      {
        "name": "custom:Handkerchief"
      }
    ]
  },
  "harbor": {
    "sounds": [
      {
        "name": "custom:Harbor"
      }
    ]
  },
  "harpsichord": {
    "sounds": [
      {
        "name": "custom:Harpsichord"
      }
    ]
  },
  "hemispherectomy": {
    "sounds": [
      {
        "name": "custom:Hemispherectomy"
      }
    ]
  },
  "heresy": {
    "sounds": [
      {
        "name": "custom:Heresy"
      }
    ]
  },
  "heterozygous": {
    "sounds": [
      {
        "name": "custom:Heterozygous"
      }
    ]
  },
  "hexagonal": {
    "sounds": [
      {
        "name": "custom:Hexagonal"
      }
    ]
  },
  "hexakosioihexekontahexaphobia": {
    "sounds": [
      {
        "name": "custom:Hexakosioihexekontahexaphobia"
      }
    ]
  },
  "hierarchy": {
    "sounds": [
      {
        "name": "custom:Hierarchy"
      }
    ]
  },
  "hieroglyphics": {
    "sounds": [
      {
        "name": "custom:Hieroglyphics"
      }
    ]
  },
  "hippopotomonstrosesquippedaliophobia": {
    "sounds": [
      {
        "name": "custom:Hippopotomonstrosesquippedaliophobia"
      }
    ]
  },
  "homeopathy": {
    "sounds": [
      {
        "name": "custom:Homeopathy"
      }
    ]
  },
  "homogeneous": {
    "sounds": [
      {
        "name": "custom:Homogeneous"
      }
    ]
  },
  "honorificabilitudinity": {
    "sounds": [
      {
        "name": "custom:Honorificabilitudinity"
      }
    ]
  },
  "hornswoggle": {
    "sounds": [
      {
        "name": "custom:Hornswoggle"
      }
    ]
  },
  "hotel": {
    "sounds": [
      {
        "name": "custom:Hotel"
      }
    ]
  },
  "hourglass": {
    "sounds": [
      {
        "name": "custom:Hourglass"
      }
    ]
  },
  "house": {
    "sounds": [
      {
        "name": "custom:House"
      }
    ]
  },
  "human": {
    "sounds": [
      {
        "name": "custom:Human"
      }
    ]
  },
  "humanitarian": {
    "sounds": [
      {
        "name": "custom:Humanitarian"
      }
    ]
  },
  "hungry": {
    "sounds": [
      {
        "name": "custom:Hungry"
      }
    ]
  },
  "hypoparathyroidism": {
    "sounds": [
      {
        "name": "custom:Hypoparathyroidism"
      }
    ]
  },
  "iconoclast": {
    "sounds": [
      {
        "name": "custom:Iconoclast"
      }
    ]
  },
  "ideological": {
    "sounds": [
      {
        "name": "custom:Ideological"
      }
    ]
  },
  "idiom": {
    "sounds": [
      {
        "name": "custom:Idiom"
      }
    ]
  },
  "imminent": {
    "sounds": [
      {
        "name": "custom:Imminent"
      }
    ]
  },
  "imprisonment": {
    "sounds": [
      {
        "name": "custom:Imprisonment"
      }
    ]
  },
  "inchoate": {
    "sounds": [
      {
        "name": "custom:Inchoate"
      }
    ]
  },
  "incomprehensibility": {
    "sounds": [
      {
        "name": "custom:Incomprehensibility"
      }
    ]
  },
  "indefatigable": {
    "sounds": [
      {
        "name": "custom:Indefatigable"
      }
    ]
  },
  "independence": {
    "sounds": [
      {
        "name": "custom:Independence"
      }
    ]
  },
  "indifference": {
    "sounds": [
      {
        "name": "custom:Indifference"
      }
    ]
  },
  "infinitesimal": {
    "sounds": [
      {
        "name": "custom:Infinitesimal"
      }
    ]
  },
  "infundibulum": {
    "sounds": [
      {
        "name": "custom:Infundibulum"
      }
    ]
  },
  "ingenious": {
    "sounds": [
      {
        "name": "custom:Ingenious"
      }
    ]
  },
  "ink": {
    "sounds": [
      {
        "name": "custom:Ink"
      }
    ]
  },
  "institutionalization": {
    "sounds": [
      {
        "name": "custom:Institutionalization"
      }
    ]
  },
  "integrity": {
    "sounds": [
      {
        "name": "custom:Integrity"
      }
    ]
  },
  "intent": {
    "sounds": [
      {
        "name": "custom:Intent"
      }
    ]
  },
  "intermediate": {
    "sounds": [
      {
        "name": "custom:Intermediate"
      }
    ]
  },
  "intermission": {
    "sounds": [
      {
        "name": "custom:Intermission"
      }
    ]
  },
  "iron": {
    "sounds": [
      {
        "name": "custom:Iron"
      }
    ]
  },
  "irony": {
    "sounds": [
      {
        "name": "custom:Irony"
      }
    ]
  },
  "isometropia": {
    "sounds": [
      {
        "name": "custom:Isometropia"
      }
    ]
  },
  "isthmus": {
    "sounds": [
      {
        "name": "custom:Isthmus"
      }
    ]
  },
  "jurisprudence": {
    "sounds": [
      {
        "name": "custom:Jurisprudence"
      }
    ]
  },
  "juxtaposition": {
    "sounds": [
      {
        "name": "custom:Juxtaposition"
      }
    ]
  },
  "kaleidoscope": {
    "sounds": [
      {
        "name": "custom:Kaleidoscope"
      }
    ]
  },
  "kangaroo": {
    "sounds": [
      {
        "name": "custom:Kangaroo"
      }
    ]
  },
  "kiss": {
    "sounds": [
      {
        "name": "custom:Kiss"
      }
    ]
  },
  "lactose": {
    "sounds": [
      {
        "name": "custom:Lactose"
      }
    ]
  },
  "languid": {
    "sounds": [
      {
        "name": "custom:Languid"
      }
    ]
  },
  "laryngotracheobronchitis": {
    "sounds": [
      {
        "name": "custom:Laryngotracheobronchitis"
      }
    ]
  },
  "lather": {
    "sounds": [
      {
        "name": "custom:Lather"
      }
    ]
  },
  "legendary": {
    "sounds": [
      {
        "name": "custom:Legendary"
      }
    ]
  },
  "legislation": {
    "sounds": [
      {
        "name": "custom:Legislation"
      }
    ]
  },
  "length": {
    "sounds": [
      {
        "name": "custom:Length"
      }
    ]
  },
  "lepidopterology": {
    "sounds": [
      {
        "name": "custom:Lepidopterology"
      }
    ]
  },
  "lexicography": {
    "sounds": [
      {
        "name": "custom:Lexicography"
      }
    ]
  },
  "liable": {
    "sounds": [
      {
        "name": "custom:Liable"
      }
    ]
  },
  "liaison": {
    "sounds": [
      {
        "name": "custom:Liaison"
      }
    ]
  },
  "lightning": {
    "sounds": [
      {
        "name": "custom:Lightning"
      }
    ]
  },
  "limousine": {
    "sounds": [
      {
        "name": "custom:Limousine"
      }
    ]
  },
  "livery": {
    "sounds": [
      {
        "name": "custom:Livery"
      }
    ]
  },
  "macabre": {
    "sounds": [
      {
        "name": "custom:Macabre"
      }
    ]
  },
  "machiavellian": {
    "sounds": [
      {
        "name": "custom:Machiavellian"
      }
    ]
  },
  "magnificent": {
    "sounds": [
      {
        "name": "custom:Magnificent"
      }
    ]
  },
  "malapropism": {
    "sounds": [
      {
        "name": "custom:Malapropism"
      }
    ]
  },
  "margin": {
    "sounds": [
      {
        "name": "custom:Margin"
      }
    ]
  },
  "martyrdom": {
    "sounds": [
      {
        "name": "custom:Martyrdom"
      }
    ]
  },
  "mathematician": {
    "sounds": [
      {
        "name": "custom:Mathematician"
      }
    ]
  },
  "mechanotransduction": {
    "sounds": [
      {
        "name": "custom:Mechanotransduction"
      }
    ]
  },
  "meditate": {
    "sounds": [
      {
        "name": "custom:Meditate"
      }
    ]
  },
  "melancholy": {
    "sounds": [
      {
        "name": "custom:Melancholy"
      }
    ]
  },
  "mellifluous": {
    "sounds": [
      {
        "name": "custom:Mellifluous"
      }
    ]
  },
  "menagerie": {
    "sounds": [
      {
        "name": "custom:Menagerie"
      }
    ]
  },
  "methodology": {
    "sounds": [
      {
        "name": "custom:Methodology"
      }
    ]
  },
  "metonymic": {
    "sounds": [
      {
        "name": "custom:Metonymic"
      }
    ]
  },
  "microorganism": {
    "sounds": [
      {
        "name": "custom:Microorganism"
      }
    ]
  },
  "milieu": {
    "sounds": [
      {
        "name": "custom:Milieu"
      }
    ]
  },
  "milk": {
    "sounds": [
      {
        "name": "custom:Milk"
      }
    ]
  },
  "miscellaneous": {
    "sounds": [
      {
        "name": "custom:Miscellaneous"
      }
    ]
  },
  "misconception": {
    "sounds": [
      {
        "name": "custom:Misconception"
      }
    ]
  },
  "mix": {
    "sounds": [
      {
        "name": "custom:Mix"
      }
    ]
  },
  "mom": {
    "sounds": [
      {
        "name": "custom:Mom"
      }
    ]
  },
  "monk": {
    "sounds": [
      {
        "name": "custom:Monk"
      }
    ]
  },
  "monochromatic": {
    "sounds": [
      {
        "name": "custom:Monochromatic"
      }
    ]
  },
  "monosyllabic": {
    "sounds": [
      {
        "name": "custom:Monosyllabic"
      }
    ]
  },
  "moon": {
    "sounds": [
      {
        "name": "custom:Moon"
      }
    ]
  },
  "municipal": {
    "sounds": [
      {
        "name": "custom:Municipal"
      }
    ]
  },
  "myopic": {
    "sounds": [
      {
        "name": "custom:Myopic"
      }
    ]
  },
  "myriad": {
    "sounds": [
      {
        "name": "custom:Myriad"
      }
    ]
  },
  "narcissistic": {
    "sounds": [
      {
        "name": "custom:Narcissistic"
      }
    ]
  },
  "nauseous": {
    "sounds": [
      {
        "name": "custom:Nauseous"
      }
    ]
  },
  "necromancer": {
    "sounds": [
      {
        "name": "custom:Necromancer"
      }
    ]
  },
  "negotiation": {
    "sounds": [
      {
        "name": "custom:Negotiation"
      }
    ]
  },
  "neuroplasticity": {
    "sounds": [
      {
        "name": "custom:Neuroplasticity"
      }
    ]
  },
  "neuropsychological": {
    "sounds": [
      {
        "name": "custom:Neuropsychological"
      }
    ]
  },
  "nomenclature": {
    "sounds": [
      {
        "name": "custom:Nomenclature"
      }
    ]
  },
  "nonplussed": {
    "sounds": [
      {
        "name": "custom:Nonplussed"
      }
    ]
  },
  "normal": {
    "sounds": [
      {
        "name": "custom:Normal"
      }
    ]
  },
  "notorious": {
    "sounds": [
      {
        "name": "custom:Notorious"
      }
    ]
  },
  "oasis": {
    "sounds": [
      {
        "name": "custom:Oasis"
      }
    ]
  },
  "obesity": {
    "sounds": [
      {
        "name": "custom:Obesity"
      }
    ]
  },
  "obfuscation": {
    "sounds": [
      {
        "name": "custom:Obfuscation"
      }
    ]
  },
  "obituary": {
    "sounds": [
      {
        "name": "custom:Obituary"
      }
    ]
  },
  "oblivious": {
    "sounds": [
      {
        "name": "custom:Oblivious"
      }
    ]
  },
  "offender": {
    "sounds": [
      {
        "name": "custom:Offender"
      }
    ]
  },
  "oligonucleotide": {
    "sounds": [
      {
        "name": "custom:Oligonucleotide"
      }
    ]
  },
  "onomatopoeia": {
    "sounds": [
      {
        "name": "custom:Onomatopoeia"
      }
    ]
  },
  "opaque": {
    "sounds": [
      {
        "name": "custom:Opaque"
      }
    ]
  },
  "optimism": {
    "sounds": [
      {
        "name": "custom:Optimism"
      }
    ]
  },
  "orange": {
    "sounds": [
      {
        "name": "custom:Orange"
      }
    ]
  },
  "orthogeosyncline": {
    "sounds": [
      {
        "name": "custom:Orthogeosyncline"
      }
    ]
  },
  "otorhinolaryngological": {
    "sounds": [
      {
        "name": "custom:Otorhinolaryngological"
      }
    ]
  },
  "palatine": {
    "sounds": [
      {
        "name": "custom:Palatine"
      }
    ]
  },
  "pantograph": {
    "sounds": [
      {
        "name": "custom:Pantograph"
      }
    ]
  },
  "paradigm": {
    "sounds": [
      {
        "name": "custom:Paradigm"
      }
    ]
  },
  "paradox": {
    "sounds": [
      {
        "name": "custom:Paradox"
      }
    ]
  },
  "parallel": {
    "sounds": [
      {
        "name": "custom:Parallel"
      }
    ]
  },
  "parallelogrammatic": {
    "sounds": [
      {
        "name": "custom:Parallelogrammatic"
      }
    ]
  },
  "paraphernalia": {
    "sounds": [
      {
        "name": "custom:Paraphernalia"
      }
    ]
  },
  "parliamentary": {
    "sounds": [
      {
        "name": "custom:Parliamentary"
      }
    ]
  },
  "paroxysm": {
    "sounds": [
      {
        "name": "custom:Paroxysm"
      }
    ]
  },
  "participation": {
    "sounds": [
      {
        "name": "custom:Participation"
      }
    ]
  },
  "passionate": {
    "sounds": [
      {
        "name": "custom:Passionate"
      }
    ]
  },
  "password": {
    "sounds": [
      {
        "name": "custom:Password"
      }
    ]
  },
  "pasta": {
    "sounds": [
      {
        "name": "custom:Pasta"
      }
    ]
  },
  "pecuniary": {
    "sounds": [
      {
        "name": "custom:Pecuniary"
      }
    ]
  },
  "peppermint": {
    "sounds": [
      {
        "name": "custom:Peppermint"
      }
    ]
  },
  "periodically": {
    "sounds": [
      {
        "name": "custom:Periodically"
      }
    ]
  },
  "personnel": {
    "sounds": [
      {
        "name": "custom:Personnel"
      }
    ]
  },
  "perspicacious": {
    "sounds": [
      {
        "name": "custom:Perspicacious"
      }
    ]
  },
  "pessimistic": {
    "sounds": [
      {
        "name": "custom:Pessimistic"
      }
    ]
  },
  "pestilence": {
    "sounds": [
      {
        "name": "custom:Pestilence"
      }
    ]
  },
  "phenomenon": {
    "sounds": [
      {
        "name": "custom:Phenomenon"
      }
    ]
  },
  "phlegm": {
    "sounds": [
      {
        "name": "custom:Phlegm"
      }
    ]
  },
  "photographer": {
    "sounds": [
      {
        "name": "custom:Photographer"
      }
    ]
  },
  "photoplethysmography": {
    "sounds": [
      {
        "name": "custom:Photoplethysmography"
      }
    ]
  },
  "pink": {
    "sounds": [
      {
        "name": "custom:Pink"
      }
    ]
  },
  "pirouette": {
    "sounds": [
      {
        "name": "custom:Pirouette"
      }
    ]
  },
  "plenipotentiary": {
    "sounds": [
      {
        "name": "custom:Plenipotentiary"
      }
    ]
  },
  "plethora": {
    "sounds": [
      {
        "name": "custom:Plethora"
      }
    ]
  },
  "pneumoencephalography": {
    "sounds": [
      {
        "name": "custom:Pneumoencephalography"
      }
    ]
  },
  "pneumonoultramicroscopicsilicovolcanoconiosis": {
    "sounds": [
      {
        "name": "custom:Pneumonoultramicroscopicsilicovolcanoconiosis"
      }
    ]
  },
  "polydactyly": {
    "sounds": [
      {
        "name": "custom:Polydactyly"
      }
    ]
  },
  "polyphiloprogenitive": {
    "sounds": [
      {
        "name": "custom:Polyphiloprogenitive"
      }
    ]
  },
  "pomegranate": {
    "sounds": [
      {
        "name": "custom:Pomegranate"
      }
    ]
  },
  "portfolio": {
    "sounds": [
      {
        "name": "custom:Portfolio"
      }
    ]
  },
  "portmanteau": {
    "sounds": [
      {
        "name": "custom:Portmanteau"
      }
    ]
  },
  "powder": {
    "sounds": [
      {
        "name": "custom:Powder"
      }
    ]
  },
  "power": {
    "sounds": [
      {
        "name": "custom:Power"
      }
    ]
  },
  "prank": {
    "sounds": [
      {
        "name": "custom:Prank"
      }
    ]
  },
  "predecessor": {
    "sounds": [
      {
        "name": "custom:Predecessor"
      }
    ]
  },
  "predominantly": {
    "sounds": [
      {
        "name": "custom:Predominantly"
      }
    ]
  },
  "prestigious": {
    "sounds": [
      {
        "name": "custom:Prestigious"
      }
    ]
  },
  "probably": {
    "sounds": [
      {
        "name": "custom:Probably"
      }
    ]
  },
  "problematic": {
    "sounds": [
      {
        "name": "custom:Problematic"
      }
    ]
  },
  "proclamation": {
    "sounds": [
      {
        "name": "custom:Proclamation"
      }
    ]
  },
  "procrastinate": {
    "sounds": [
      {
        "name": "custom:Procrastinate"
      }
    ]
  },
  "pronunciation": {
    "sounds": [
      {
        "name": "custom:Pronunciation"
      }
    ]
  },
  "proof": {
    "sounds": [
      {
        "name": "custom:Proof"
      }
    ]
  },
  "propaganda": {
    "sounds": [
      {
        "name": "custom:Propaganda"
      }
    ]
  },
  "pseudopseudohypoparathyroidism": {
    "sounds": [
      {
        "name": "custom:Pseudopseudohypoparathyroidism"
      }
    ]
  },
  "pseudorhombicuboctahedron": {
    "sounds": [
      {
        "name": "custom:Pseudorhombicuboctahedron"
      }
    ]
  },
  "psychological": {
    "sounds": [
      {
        "name": "custom:Psychological"
      }
    ]
  },
  "psychoneuroendocrinological": {
    "sounds": [
      {
        "name": "custom:Psychoneuroendocrinological"
      }
    ]
  },
  "psychoneuroimmunology": {
    "sounds": [
      {
        "name": "custom:Psychoneuroimmunology"
      }
    ]
  },
  "psychophysicotherapeutics": {
    "sounds": [
      {
        "name": "custom:Psychophysicotherapeutics"
      }
    ]
  },
  "puerile": {
    "sounds": [
      {
        "name": "custom:Puerile"
      }
    ]
  },
  "pugnacious": {
    "sounds": [
      {
        "name": "custom:Pugnacious"
      }
    ]
  },
  "pulchritudinous": {
    "sounds": [
      {
        "name": "custom:Pulchritudinous"
      }
    ]
  },
  "purple": {
    "sounds": [
      {
        "name": "custom:Purple"
      }
    ]
  },
  "pursuit": {
    "sounds": [
      {
        "name": "custom:Pursuit"
      }
    ]
  },
  "pusillanimous": {
    "sounds": [
      {
        "name": "custom:Pusillanimous"
      }
    ]
  },
  "pygmy": {
    "sounds": [
      {
        "name": "custom:Pygmy"
      }
    ]
  },
  "quack": {
    "sounds": [
      {
        "name": "custom:Quack"
      }
    ]
  },
  "quasiautobiographical": {
    "sounds": [
      {
        "name": "custom:Quasiautobiographical"
      }
    ]
  },
  "quasquicentennial": {
    "sounds": [
      {
        "name": "custom:Quasquicentennial"
      }
    ]
  },
  "queen": {
    "sounds": [
      {
        "name": "custom:Queen"
      }
    ]
  },
  "querimony": {
    "sounds": [
      {
        "name": "custom:Querimony"
      }
    ]
  },
  "quill": {
    "sounds": [
      {
        "name": "custom:Quill"
      }
    ]
  },
  "quindecasyllabic": {
    "sounds": [
      {
        "name": "custom:Quindecasyllabic"
      }
    ]
  },
  "quixotry": {
    "sounds": [
      {
        "name": "custom:Quixotry"
      }
    ]
  },
  "quoddamodotative": {
    "sounds": [
      {
        "name": "custom:Quoddamodotative"
      }
    ]
  },
  "radiometeorograph": {
    "sounds": [
      {
        "name": "custom:Radiometeorograph"
      }
    ]
  },
  "rain": {
    "sounds": [
      {
        "name": "custom:Rain"
      }
    ]
  },
  "rally": {
    "sounds": [
      {
        "name": "custom:Rally"
      }
    ]
  },
  "rambunctious": {
    "sounds": [
      {
        "name": "custom:Rambunctious"
      }
    ]
  },
  "random": {
    "sounds": [
      {
        "name": "custom:Random"
      }
    ]
  },
  "ravenous": {
    "sounds": [
      {
        "name": "custom:Ravenous"
      }
    ]
  },
  "recession": {
    "sounds": [
      {
        "name": "custom:Recession"
      }
    ]
  },
  "recipient": {
    "sounds": [
      {
        "name": "custom:Recipient"
      }
    ]
  },
  "red": {
    "sounds": [
      {
        "name": "custom:Red"
      }
    ]
  },
  "refrain": {
    "sounds": [
      {
        "name": "custom:Refrain"
      }
    ]
  },
  "refugee": {
    "sounds": [
      {
        "name": "custom:Refugee"
      }
    ]
  },
  "rehabilitation": {
    "sounds": [
      {
        "name": "custom:Rehabilitation"
      }
    ]
  },
  "reincarnation": {
    "sounds": [
      {
        "name": "custom:Reincarnation"
      }
    ]
  },
  "reliability": {
    "sounds": [
      {
        "name": "custom:Reliability"
      }
    ]
  },
  "remarkable": {
    "sounds": [
      {
        "name": "custom:Remarkable"
      }
    ]
  },
  "reminiscence": {
    "sounds": [
      {
        "name": "custom:Reminiscence"
      }
    ]
  },
  "rendezvous": {
    "sounds": [
      {
        "name": "custom:Rendezvous"
      }
    ]
  },
  "reply": {
    "sounds": [
      {
        "name": "custom:Reply"
      }
    ]
  },
  "residential": {
    "sounds": [
      {
        "name": "custom:Residential"
      }
    ]
  },
  "resilience": {
    "sounds": [
      {
        "name": "custom:Resilience"
      }
    ]
  },
  "resurrection": {
    "sounds": [
      {
        "name": "custom:Resurrection"
      }
    ]
  },
  "revelation": {
    "sounds": [
      {
        "name": "custom:Revelation"
      }
    ]
  },
  "rhythm": {
    "sounds": [
      {
        "name": "custom:Rhythm"
      }
    ]
  },
  "ricochet": {
    "sounds": [
      {
        "name": "custom:Ricochet"
      }
    ]
  },
  "robust": {
    "sounds": [
      {
        "name": "custom:Robust"
      }
    ]
  },
  "ruby": {
    "sounds": [
      {
        "name": "custom:Ruby"
      }
    ]
  },
  "sagacious": {
    "sounds": [
      {
        "name": "custom:Sagacious"
      }
    ]
  },
  "sapphire": {
    "sounds": [
      {
        "name": "custom:Sapphire"
      }
    ]
  },
  "sarcophagus": {
    "sounds": [
      {
        "name": "custom:Sarcophagus"
      }
    ]
  },
  "sclerectoiridectomy": {
    "sounds": [
      {
        "name": "custom:Sclerectoiridectomy"
      }
    ]
  },
  "scrutiny": {
    "sounds": [
      {
        "name": "custom:Scrutiny"
      }
    ]
  },
  "secret": {
    "sounds": [
      {
        "name": "custom:Secret"
      }
    ]
  },
  "seldom": {
    "sounds": [
      {
        "name": "custom:Seldom"
      }
    ]
  },
  "semaphore": {
    "sounds": [
      {
        "name": "custom:Semaphore"
      }
    ]
  },
  "semicircle": {
    "sounds": [
      {
        "name": "custom:Semicircle"
      }
    ]
  },
  "sentimental": {
    "sounds": [
      {
        "name": "custom:Sentimental"
      }
    ]
  },
  "separation": {
    "sounds": [
      {
        "name": "custom:Separation"
      }
    ]
  },
  "sequoia": {
    "sounds": [
      {
        "name": "custom:Sequoia"
      }
    ]
  },
  "serendipity": {
    "sounds": [
      {
        "name": "custom:Serendipity"
      }
    ]
  },
  "sesquipedalian": {
    "sounds": [
      {
        "name": "custom:Sesquipedalian"
      }
    ]
  },
  "shake": {
    "sounds": [
      {
        "name": "custom:Shake"
      }
    ]
  },
  "shareholder": {
    "sounds": [
      {
        "name": "custom:Shareholder"
      }
    ]
  },
  "sigh": {
    "sounds": [
      {
        "name": "custom:Sigh"
      }
    ]
  },
  "significance": {
    "sounds": [
      {
        "name": "custom:Significance"
      }
    ]
  },
  "silhouette": {
    "sounds": [
      {
        "name": "custom:Silhouette"
      }
    ]
  },
  "simultaneous": {
    "sounds": [
      {
        "name": "custom:Simultaneous"
      }
    ]
  },
  "size": {
    "sounds": [
      {
        "name": "custom:Size"
      }
    ]
  },
  "sniffle": {
    "sounds": [
      {
        "name": "custom:Sniffle"
      }
    ]
  },
  "snow": {
    "sounds": [
      {
        "name": "custom:Snow"
      }
    ]
  },
  "soda": {
    "sounds": [
      {
        "name": "custom:Soda"
      }
    ]
  },
  "solidarity": {
    "sounds": [
      {
        "name": "custom:Solidarity"
      }
    ]
  },
  "soliloquy": {
    "sounds": [
      {
        "name": "custom:Soliloquy"
      }
    ]
  },
  "sovereignty": {
    "sounds": [
      {
        "name": "custom:Sovereignty"
      }
    ]
  },
  "special": {
    "sounds": [
      {
        "name": "custom:Special"
      }
    ]
  },
  "spectrophotofluorometry": {
    "sounds": [
      {
        "name": "custom:Spectrophotofluorometry"
      }
    ]
  },
  "spectrophotometer": {
    "sounds": [
      {
        "name": "custom:Spectrophotometer"
      }
    ]
  },
  "spell1": {
    "sounds": [
      {
        "name": "custom:spell1"
      }
    ]
  },
  "spell2": {
    "sounds": [
      {
        "name": "custom:spell2"
      }
    ]
  },
  "spell3": {
    "sounds": [
      {
        "name": "custom:spell3"
      }
    ]
  },
  "spell4": {
    "sounds": [
      {
        "name": "custom:spell4"
      }
    ]
  },
  "spell5": {
    "sounds": [
      {
        "name": "custom:spell5"
      }
    ]
  },
  "sphygmomanometer": {
    "sounds": [
      {
        "name": "custom:Sphygmomanometer"
      }
    ]
  },
  "spokesperson": {
    "sounds": [
      {
        "name": "custom:Spokesperson"
      }
    ]
  },
  "star": {
    "sounds": [
      {
        "name": "custom:Star"
      }
    ]
  },
  "state": {
    "sounds": [
      {
        "name": "custom:State"
      }
    ]
  },
  "steadfast": {
    "sounds": [
      {
        "name": "custom:Steadfast"
      }
    ]
  },
  "stereoelectroencephalography": {
    "sounds": [
      {
        "name": "custom:Stereoelectroencephalography"
      }
    ]
  },
  "stereotype": {
    "sounds": [
      {
        "name": "custom:Stereotype"
      }
    ]
  },
  "still": {
    "sounds": [
      {
        "name": "custom:Still"
      }
    ]
  },
  "strategic": {
    "sounds": [
      {
        "name": "custom:Strategic"
      }
    ]
  },
  "stumble": {
    "sounds": [
      {
        "name": "custom:Stumble"
      }
    ]
  },
  "subcompartmentalization": {
    "sounds": [
      {
        "name": "custom:Subcompartmentalization"
      }
    ]
  },
  "subdermatoglyphic": {
    "sounds": [
      {
        "name": "custom:Subdermatoglyphic"
      }
    ]
  },
  "subpoena": {
    "sounds": [
      {
        "name": "custom:Subpoena"
      }
    ]
  },
  "subsidy": {
    "sounds": [
      {
        "name": "custom:Subsidy"
      }
    ]
  },
  "subterranean": {
    "sounds": [
      {
        "name": "custom:Subterranean"
      }
    ]
  },
  "suck": {
    "sounds": [
      {
        "name": "custom:Suck"
      }
    ]
  },
  "supercalifragilisticexpialidocious": {
    "sounds": [
      {
        "name": "custom:Supercalifragilisticexpialidocious"
      }
    ]
  },
  "supererogatory": {
    "sounds": [
      {
        "name": "custom:Supererogatory"
      }
    ]
  },
  "superferromagnetism": {
    "sounds": [
      {
        "name": "custom:Superferromagnetism"
      }
    ]
  },
  "supposedly": {
    "sounds": [
      {
        "name": "custom:Supposedly"
      }
    ]
  },
  "surrogate": {
    "sounds": [
      {
        "name": "custom:Surrogate"
      }
    ]
  },
  "surveillance": {
    "sounds": [
      {
        "name": "custom:Surveillance"
      }
    ]
  },
  "susceptible": {
    "sounds": [
      {
        "name": "custom:Susceptible"
      }
    ]
  },
  "susurration": {
    "sounds": [
      {
        "name": "custom:Susurration"
      }
    ]
  },
  "syllable": {
    "sounds": [
      {
        "name": "custom:Syllable"
      }
    ]
  },
  "syllepsis": {
    "sounds": [
      {
        "name": "custom:Syllepsis"
      }
    ]
  },
  "symbiosis": {
    "sounds": [
      {
        "name": "custom:Symbiosis"
      }
    ]
  },
  "symmetrical": {
    "sounds": [
      {
        "name": "custom:Symmetrical"
      }
    ]
  },
  "syntax": {
    "sounds": [
      {
        "name": "custom:Syntax"
      }
    ]
  },
  "systematic": {
    "sounds": [
      {
        "name": "custom:Systematic"
      }
    ]
  },
  "syzygy": {
    "sounds": [
      {
        "name": "custom:Syzygy"
      }
    ]
  },
  "tangerine": {
    "sounds": [
      {
        "name": "custom:Tangerine"
      }
    ]
  },
  "tank": {
    "sounds": [
      {
        "name": "custom:Tank"
      }
    ]
  },
  "telepathy": {
    "sounds": [
      {
        "name": "custom:Telepathy"
      }
    ]
  },
  "tempestuous": {
    "sounds": [
      {
        "name": "custom:Tempestuous"
      }
    ]
  },
  "tetraphobia": {
    "sounds": [
      {
        "name": "custom:Tetraphobia"
      }
    ]
  },
  "thalassophobia": {
    "sounds": [
      {
        "name": "custom:Thalassophobia"
      }
    ]
  },
  "therapeutic": {
    "sounds": [
      {
        "name": "custom:Therapeutic"
      }
    ]
  },
  "thesaurus": {
    "sounds": [
      {
        "name": "custom:Thesaurus"
      }
    ]
  },
  "thesis": {
    "sounds": [
      {
        "name": "custom:Thesis"
      }
    ]
  },
  "tintinnabulation": {
    "sounds": [
      {
        "name": "custom:Tintinnabulation"
      }
    ]
  },
  "tonsillopharyngitis": {
    "sounds": [
      {
        "name": "custom:Tonsillopharyngitis"
      }
    ]
  },
  "town": {
    "sounds": [
      {
        "name": "custom:Town"
      }
    ]
  },
  "transaction": {
    "sounds": [
      {
        "name": "custom:Transaction"
      }
    ]
  },
  "transinstitutionalization": {
    "sounds": [
      {
        "name": "custom:Transinstitutionalization"
      }
    ]
  },
  "translucent": {
    "sounds": [
      {
        "name": "custom:Translucent"
      }
    ]
  },
  "transparency": {
    "sounds": [
      {
        "name": "custom:Transparency"
      }
    ]
  },
  "transportation": {
    "sounds": [
      {
        "name": "custom:Transportation"
      }
    ]
  },
  "trauma": {
    "sounds": [
      {
        "name": "custom:Trauma"
      }
    ]
  },
  "tree": {
    "sounds": [
      {
        "name": "custom:Tree"
      }
    ]
  },
  "tremendous": {
    "sounds": [
      {
        "name": "custom:Tremendous"
      }
    ]
  },
  "triphosphate": {
    "sounds": [
      {
        "name": "custom:Triphosphate"
      }
    ]
  },
  "twenty": {
    "sounds": [
      {
        "name": "custom:Twenty"
      }
    ]
  },
  "twist": {
    "sounds": [
      {
        "name": "custom:Twist"
      }
    ]
  },
  "ubiquitous": {
    "sounds": [
      {
        "name": "custom:Ubiquitous"
      }
    ]
  },
  "uncharacteristic": {
    "sounds": [
      {
        "name": "custom:Uncharacteristic"
      }
    ]
  },
  "uncomfortable": {
    "sounds": [
      {
        "name": "custom:Uncomfortable"
      }
    ]
  },
  "understand": {
    "sounds": [
      {
        "name": "custom:Understand"
      }
    ]
  },
  "unprecedented": {
    "sounds": [
      {
        "name": "custom:Unprecedented"
      }
    ]
  },
  "update": {
    "sounds": [
      {
        "name": "custom:Update"
      }
    ]
  },
  "utilitarianism": {
    "sounds": [
      {
        "name": "custom:Utilitarianism"
      }
    ]
  },
  "vague": {
    "sounds": [
      {
        "name": "custom:Vague"
      }
    ]
  },
  "validity": {
    "sounds": [
      {
        "name": "custom:Validity"
      }
    ]
  },
  "venerate": {
    "sounds": [
      {
        "name": "custom:Venerate"
      }
    ]
  },
  "ventriculocisternostomy": {
    "sounds": [
      {
        "name": "custom:Ventriculocisternostomy"
      }
    ]
  },
  "verbatim": {
    "sounds": [
      {
        "name": "custom:Verbatim"
      }
    ]
  },
  "verisimilitude": {
    "sounds": [
      {
        "name": "custom:Verisimilitude"
      }
    ]
  },
  "vexatious": {
    "sounds": [
      {
        "name": "custom:Vexatious"
      }
    ]
  },
  "vignette": {
    "sounds": [
      {
        "name": "custom:Vignette"
      }
    ]
  },
  "villain": {
    "sounds": [
      {
        "name": "custom:Villain"
      }
    ]
  },
  "violation": {
    "sounds": [
      {
        "name": "custom:Violation"
      }
    ]
  },
  "voluntary": {
    "sounds": [
      {
        "name": "custom:Voluntary"
      }
    ]
  },
  "vulnerability": {
    "sounds": [
      {
        "name": "custom:Vulnerability"
      }
    ]
  },
  "water": {
    "sounds": [
      {
        "name": "custom:Water"
      }
    ]
  },
  "wednesday": {
    "sounds": [
      {
        "name": "custom:Wednesday"
      }
    ]
  },
  "white": {
    "sounds": [
      {
        "name": "custom:White"
      }
    ]
  },
  "wholeheartedly": {
    "sounds": [
      {
        "name": "custom:Wholeheartedly"
      }
    ]
  },
  "wind": {
    "sounds": [
      {
        "name": "custom:Wind"
      }
    ]
  },
  "worcestershire": {
    "sounds": [
      {
        "name": "custom:Worcestershire"
      }
    ]
  },
  "word": {
    "sounds": [
      {
        "name": "custom:Word"
      }
    ]
  },
  "workout": {
    "sounds": [
      {
        "name": "custom:Workout"
      }
    ]
  },
  "worthwhile": {
    "sounds": [
      {
        "name": "custom:Worthwhile"
      }
    ]
  },
  "wrist": {
    "sounds": [
      {
        "name": "custom:Wrist"
      }
    ]
  },
  "xenogeneic": {
    "sounds": [
      {
        "name": "custom:Xenogeneic"
      }
    ]
  },
  "xylotypographic": {
    "sounds": [
      {
        "name": "custom:Xylotypographic"
      }
    ]
  },
  "zoo": {
    "sounds": [
      {
        "name": "custom:Zoo"
      }
    ]
  },
  "zygote": {
    "sounds": [
      {
        "name": "custom:Zygote"
      }
    ]
  }
}