{
  "abacaxi": {
    "sounds": [
      "custom:abacaxi"
    ]
  },
  "abasia": {
    "sounds": [
      "custom:abasia"
    ]
  },
  "abditive": {
    "sounds": [
      "custom:abditive"
    ]
  },
  "abdomen": {
    "sounds": [
      "custom:abdomen"
    ]
  },
  "abdominothoracic": {
    "sounds": [
      "custom:abdominothoracic"
    ]
  },
  "abhorrent": {
    "sounds": [
      "custom:abhorrent"
    ]
  },
  "abolish": {
    "sounds": [
      "custom:abolish"
    ]
  },
  "absence": {
    "sounds": [
      "custom:absence"
    ]
  },
  "absorb": {
    "sounds": [
      "custom:absorb"
    ]
  },
  "abstract": {
    "sounds": [
      "custom:abstract"
    ]
  },
  "accommodate": {
    "sounds": [
      "custom:accommodate"
    ]
  },
  "accomplishment": {
    "sounds": [
      "custom:accomplishment"
    ]
  },
  "acculturate": {
    "sounds": [
      "custom:acculturate"
    ]
  },
  "accumulation": {
    "sounds": [
      "custom:accumulation"
    ]
  },
  "acetaminophen": {
    "sounds": [
      "custom:acetaminophen"
    ]
  },
  "achromatophil": {
    "sounds": [
      "custom:achromatophil"
    ]
  },
  "acquiesce": {
    "sounds": [
      "custom:acquiesce"
    ]
  },
  "adrenocorticotropin": {
    "sounds": [
      "custom:adrenocorticotropin"
    ]
  },
  "adversity": {
    "sounds": [
      "custom:adversity"
    ]
  },
  "aegis": {
    "sounds": [
      "custom:aegis"
    ]
  },
  "aerodynamic": {
    "sounds": [
      "custom:aerodynamic"
    ]
  },
  "aforementioned": {
    "sounds": [
      "custom:aforementioned"
    ]
  },
  "agaric": {
    "sounds": [
      "custom:agaric"
    ]
  },
  "aggrandize": {
    "sounds": [
      "custom:aggrandize"
    ]
  },
  "agnostic": {
    "sounds": [
      "custom:agnostic"
    ]
  },
  "agoraphobia": {
    "sounds": [
      "custom:agoraphobia"
    ]
  },
  "agoraphobic": {
    "sounds": [
      "custom:agoraphobic"
    ]
  },
  "agriculture": {
    "sounds": [
      "custom:agriculture"
    ]
  },
  "akin": {
    "sounds": [
      "custom:akin"
    ]
  },
  "albeit": {
    "sounds": [
      "custom:albeit"
    ]
  },
  "alliance": {
    "sounds": [
      "custom:alliance"
    ]
  },
  "alphabet": {
    "sounds": [
      "custom:alphabet"
    ]
  },
  "ambidextrous": {
    "sounds": [
      "custom:ambidextrous"
    ]
  },
  "ambiguous": {
    "sounds": [
      "custom:ambiguous"
    ]
  },
  "anachronistic": {
    "sounds": [
      "custom:anachronistic"
    ]
  },
  "anaphylactic": {
    "sounds": [
      "custom:anaphylactic"
    ]
  },
  "anatomical": {
    "sounds": [
      "custom:anatomical"
    ]
  },
  "anemone": {
    "sounds": [
      "custom:anemone"
    ]
  },
  "angel": {
    "sounds": [
      "custom:angel"
    ]
  },
  "antediluvian": {
    "sounds": [
      "custom:antediluvian"
    ]
  },
  "anthropomorphization": {
    "sounds": [
      "custom:anthropomorphization"
    ]
  },
  "antidisestablishmentarianism": {
    "sounds": [
      "custom:antidisestablishmentarianism"
    ]
  },
  "antixerophthalmic": {
    "sounds": [
      "custom:antixerophthalmic"
    ]
  },
  "apocryphal": {
    "sounds": [
      "custom:apocryphal"
    ]
  },
  "apostrophe": {
    "sounds": [
      "custom:apostrophe"
    ]
  },
  "apothecary": {
    "sounds": [
      "custom:apothecary"
    ]
  },
  "appetite": {
    "sounds": [
      "custom:appetite"
    ]
  },
  "arthroereisis": {
    "sounds": [
      "custom:arthroereisis"
    ]
  },
  "articulate": {
    "sounds": [
      "custom:articulate"
    ]
  },
  "ash": {
    "sounds": [
      "custom:ash"
    ]
  },
  "asphyxiation": {
    "sounds": [
      "custom:asphyxiation"
    ]
  },
  "assumption": {
    "sounds": [
      "custom:assumption"
    ]
  },
  "asthma": {
    "sounds": [
      "custom:asthma"
    ]
  },
  "astigmatism": {
    "sounds": [
      "custom:astigmatism"
    ]
  },
  "asunder": {
    "sounds": [
      "custom:asunder"
    ]
  },
  "ataraxy": {
    "sounds": [
      "custom:ataraxy"
    ]
  },
  "atmospheric": {
    "sounds": [
      "custom:atmospheric"
    ]
  },
  "automatic": {
    "sounds": [
      "custom:automatic"
    ]
  },
  "autothaumaturgist": {
    "sounds": [
      "custom:autothaumaturgist"
    ]
  },
  "await": {
    "sounds": [
      "custom:await"
    ]
  },
  "baccalaureate": {
    "sounds": [
      "custom:baccalaureate"
    ]
  },
  "bamboo": {
    "sounds": [
      "custom:bamboo"
    ]
  },
  "bandeau": {
    "sounds": [
      "custom:bandeau"
    ]
  },
  "batrachophobia": {
    "sounds": [
      "custom:batrachophobia"
    ]
  },
  "bayonet": {
    "sounds": [
      "custom:bayonet"
    ]
  },
  "belvedere": {
    "sounds": [
      "custom:belvedere"
    ]
  },
  "beneficiary": {
    "sounds": [
      "custom:beneficiary"
    ]
  },
  "benevolence": {
    "sounds": [
      "custom:benevolence"
    ]
  },
  "betray": {
    "sounds": [
      "custom:betray"
    ]
  },
  "betwixt": {
    "sounds": [
      "custom:betwixt"
    ]
  },
  "bingo": {
    "sounds": [
      "custom:bingo"
    ]
  },
  "biography": {
    "sounds": [
      "custom:biography"
    ]
  },
  "bird": {
    "sounds": [
      "custom:bird"
    ]
  },
  "bizarre": {
    "sounds": [
      "custom:bizarre"
    ]
  },
  "black": {
    "sounds": [
      "custom:black"
    ]
  },
  "bodacious": {
    "sounds": [
      "custom:bodacious"
    ]
  },
  "bogolanfini": {
    "sounds": [
      "custom:bogolanfini"
    ]
  },
  "bomb": {
    "sounds": [
      "custom:bomb"
    ]
  },
  "book": {
    "sounds": [
      "custom:book"
    ]
  },
  "borborygmus": {
    "sounds": [
      "custom:borborygmus"
    ]
  },
  "bourgeoisie": {
    "sounds": [
      "custom:bourgeoisie"
    ]
  },
  "bourgeoisification": {
    "sounds": [
      "custom:bourgeoisification"
    ]
  },
  "brain": {
    "sounds": [
      "custom:brain"
    ]
  },
  "breakthrough": {
    "sounds": [
      "custom:breakthrough"
    ]
  },
  "broccoli": {
    "sounds": [
      "custom:broccoli"
    ]
  },
  "bronchitis": {
    "sounds": [
      "custom:bronchitis"
    ]
  },
  "brucellosis": {
    "sounds": [
      "custom:brucellosis"
    ]
  },
  "brusque": {
    "sounds": [
      "custom:brusque"
    ]
  },
  "bucolic": {
    "sounds": [
      "custom:bucolic"
    ]
  },
  "burger": {
    "sounds": [
      "custom:burger"
    ]
  },
  "burial": {
    "sounds": [
      "custom:burial"
    ]
  },
  "cabin": {
    "sounds": [
      "custom:cabin"
    ]
  },
  "cacophony": {
    "sounds": [
      "custom:cacophony"
    ]
  },
  "cake": {
    "sounds": [
      "custom:cake"
    ]
  },
  "calamitous": {
    "sounds": [
      "custom:calamitous"
    ]
  },
  "calibration": {
    "sounds": [
      "custom:calibration"
    ]
  },
  "calumny": {
    "sounds": [
      "custom:calumny"
    ]
  },
  "canaliculodacryocystorhinostomy": {
    "sounds": [
      "custom:canaliculodacryocystorhinostomy"
    ]
  },
  "capoeira": {
    "sounds": [
      "custom:capoeira"
    ]
  },
  "capricious": {
    "sounds": [
      "custom:capricious"
    ]
  },
  "car": {
    "sounds": [
      "custom:car"
    ]
  },
  "cat": {
    "sounds": [
      "custom:cat"
    ]
  },
  "caustic": {
    "sounds": [
      "custom:caustic"
    ]
  },
  "cerulean": {
    "sounds": [
      "custom:cerulean"
    ]
  },
  "champagne": {
    "sounds": [
      "custom:champagne"
    ]
  },
  "chargoggagoggmanchauggagoggchaubunagungamaugg": {
    "sounds": [
      "custom:chargoggagoggmanchauggagoggchaubunagungamaugg"
    ]
  },
  "charisma": {
    "sounds": [
      "custom:charisma"
    ]
  },
  "chauffeur": {
    "sounds": [
      "custom:chauffeur"
    ]
  },
  "chicken": {
    "sounds": [
      "custom:chicken"
    ]
  },
  "chlorophyll": {
    "sounds": [
      "custom:chlorophyll"
    ]
  },
  "cholangiopancreatography": {
    "sounds": [
      "custom:cholangiopancreatography"
    ]
  },
  "chronic": {
    "sounds": [
      "custom:chronic"
    ]
  },
  "chronological": {
    "sounds": [
      "custom:chronological"
    ]
  },
  "cinematographer": {
    "sounds": [
      "custom:cinematographer"
    ]
  },
  "circle": {
    "sounds": [
      "custom:circle"
    ]
  },
  "clandestine": {
    "sounds": [
      "custom:clandestine"
    ]
  },
  "clever": {
    "sounds": [
      "custom:clever"
    ]
  },
  "cliff": {
    "sounds": [
      "custom:cliff"
    ]
  },
  "clutch": {
    "sounds": [
      "custom:clutch"
    ]
  },
  "codicil": {
    "sounds": [
      "custom:codicil"
    ]
  },
  "cognitive": {
    "sounds": [
      "custom:cognitive"
    ]
  },
  "colloquialism": {
    "sounds": [
      "custom:colloquialism"
    ]
  },
  "combustible": {
    "sounds": [
      "custom:combustible"
    ]
  },
  "comeuppance": {
    "sounds": [
      "custom:comeuppance"
    ]
  },
  "commodity": {
    "sounds": [
      "custom:commodity"
    ]
  },
  "commodore": {
    "sounds": [
      "custom:commodore"
    ]
  },
  "compartmentalization": {
    "sounds": [
      "custom:compartmentalization"
    ]
  },
  "comply": {
    "sounds": [
      "custom:comply"
    ]
  },
  "compunction": {
    "sounds": [
      "custom:compunction"
    ]
  },
  "concentration": {
    "sounds": [
      "custom:concentration"
    ]
  },
  "congratulate": {
    "sounds": [
      "custom:congratulate"
    ]
  },
  "consanguine": {
    "sounds": [
      "custom:consanguine"
    ]
  },
  "consumption": {
    "sounds": [
      "custom:consumption"
    ]
  },
  "contradistinguish": {
    "sounds": [
      "custom:contradistinguish"
    ]
  },
  "controversial": {
    "sounds": [
      "custom:controversial"
    ]
  },
  "convey": {
    "sounds": [
      "custom:convey"
    ]
  },
  "convolvulaceous": {
    "sounds": [
      "custom:convolvulaceous"
    ]
  },
  "cooking": {
    "sounds": [
      "custom:cooking"
    ]
  },
  "cool": {
    "sounds": [
      "custom:cool"
    ]
  },
  "correspondence": {
    "sounds": [
      "custom:correspondence"
    ]
  },
  "corticopontocerebellar": {
    "sounds": [
      "custom:corticopontocerebellar"
    ]
  },
  "counterimmunoelectrophoresis": {
    "sounds": [
      "custom:counterimmunoelectrophoresis"
    ]
  },
  "counterintuitive": {
    "sounds": [
      "custom:counterintuitive"
    ]
  },
  "countermajoritarianism": {
    "sounds": [
      "custom:countermajoritarianism"
    ]
  },
  "crowd": {
    "sounds": [
      "custom:crowd"
    ]
  },
  "cuisine": {
    "sounds": [
      "custom:cuisine"
    ]
  },
  "culvert": {
    "sounds": [
      "custom:culvert"
    ]
  },
  "curious": {
    "sounds": [
      "custom:curious"
    ]
  },
  "cyrillic": {
    "sounds": [
      "custom:cyrillic"
    ]
  },
  "dad": {
    "sounds": [
      "custom:dad"
    ]
  },
  "dairy": {
    "sounds": [
      "custom:dairy"
    ]
  },
  "dauntless": {
    "sounds": [
      "custom:dauntless"
    ]
  },
  "debris": {
    "sounds": [
      "custom:debris"
    ]
  },
  "defenestration": {
    "sounds": [
      "custom:defenestration"
    ]
  },
  "defy": {
    "sounds": [
      "custom:defy"
    ]
  },
  "dehydrothiotoluidine": {
    "sounds": [
      "custom:dehydrothiotoluidine"
    ]
  },
  "deleterious": {
    "sounds": [
      "custom:deleterious"
    ]
  },
  "demon": {
    "sounds": [
      "custom:demon"
    ]
  },
  "dendrochronology": {
    "sounds": [
      "custom:dendrochronology"
    ]
  },
  "deoxyribonucleic": {
    "sounds": [
      "custom:deoxyribonucleic"
    ]
  },
  "depilatory": {
    "sounds": [
      "custom:depilatory"
    ]
  },
  "deployment": {
    "sounds": [
      "custom:deployment"
    ]
  },
  "derogatory": {
    "sounds": [
      "custom:derogatory"
    ]
  },
  "detrimental": {
    "sounds": [
      "custom:detrimental"
    ]
  },
  "dextrodeorsumversion": {
    "sounds": [
      "custom:dextrodeorsumversion"
    ]
  },
  "dichotomization": {
    "sounds": [
      "custom:dichotomization"
    ]
  },
  "diesel": {
    "sounds": [
      "custom:diesel"
    ]
  },
  "dilate": {
    "sounds": [
      "custom:dilate"
    ]
  },
  "discombobulate": {
    "sounds": [
      "custom:discombobulate"
    ]
  },
  "doctrine": {
    "sounds": [
      "custom:doctrine"
    ]
  },
  "dodecahedron": {
    "sounds": [
      "custom:dodecahedron"
    ]
  },
  "dog": {
    "sounds": [
      "custom:dog"
    ]
  },
  "dolphin": {
    "sounds": [
      "custom:dolphin"
    ]
  },
  "duck": {
    "sounds": [
      "custom:duck"
    ]
  },
  "echo": {
    "sounds": [
      "custom:echo"
    ]
  },
  "elaborate": {
    "sounds": [
      "custom:elaborate"
    ]
  },
  "electrotelethermometer": {
    "sounds": [
      "custom:electrotelethermometer"
    ]
  },
  "eloquent": {
    "sounds": [
      "custom:eloquent"
    ]
  },
  "embarrassment": {
    "sounds": [
      "custom:embarrassment"
    ]
  },
  "embassy": {
    "sounds": [
      "custom:embassy"
    ]
  },
  "emoji": {
    "sounds": [
      "custom:emoji"
    ]
  },
  "enact": {
    "sounds": [
      "custom:enact"
    ]
  },
  "enchantment": {
    "sounds": [
      "custom:enchantment"
    ]
  },
  "encore": {
    "sounds": [
      "custom:encore"
    ]
  },
  "entrepreneur": {
    "sounds": [
      "custom:entrepreneur"
    ]
  },
  "epiphany": {
    "sounds": [
      "custom:epiphany"
    ]
  },
  "epsilon": {
    "sounds": [
      "custom:epsilon"
    ]
  },
  "erratic": {
    "sounds": [
      "custom:erratic"
    ]
  },
  "erupt": {
    "sounds": [
      "custom:erupt"
    ]
  },
  "erythrocytapheresis": {
    "sounds": [
      "custom:erythrocytapheresis"
    ]
  },
  "ethnomethodology": {
    "sounds": [
      "custom:ethnomethodology"
    ]
  },
  "euphoria": {
    "sounds": [
      "custom:euphoria"
    ]
  },
  "exaggerate": {
    "sounds": [
      "custom:exaggerate"
    ]
  },
  "excalibur": {
    "sounds": [
      "custom:excalibur"
    ]
  },
  "excellent": {
    "sounds": [
      "custom:excellent"
    ]
  },
  "exert": {
    "sounds": [
      "custom:exert"
    ]
  },
  "exile": {
    "sounds": [
      "custom:exile"
    ]
  },
  "expenditure": {
    "sounds": [
      "custom:expenditure"
    ]
  },
  "extraterrestrial": {
    "sounds": [
      "custom:extraterrestrial"
    ]
  },
  "extravagant": {
    "sounds": [
      "custom:extravagant"
    ]
  },
  "facsimile": {
    "sounds": [
      "custom:facsimile"
    ]
  },
  "familiar": {
    "sounds": [
      "custom:familiar"
    ]
  },
  "fastidious": {
    "sounds": [
      "custom:fastidious"
    ]
  },
  "favorable": {
    "sounds": [
      "custom:favorable"
    ]
  },
  "ferriprotoporphyrin": {
    "sounds": [
      "custom:ferriprotoporphyrin"
    ]
  },
  "film": {
    "sounds": [
      "custom:film"
    ]
  },
  "filter": {
    "sounds": [
      "custom:filter"
    ]
  },
  "firefighter": {
    "sounds": [
      "custom:firefighter"
    ]
  },
  "fish": {
    "sounds": [
      "custom:fish"
    ]
  },
  "fissiparous": {
    "sounds": [
      "custom:fissiparous"
    ]
  },
  "fjord": {
    "sounds": [
      "custom:fjord"
    ]
  },
  "flibbertigibbet": {
    "sounds": [
      "custom:flibbertigibbet"
    ]
  },
  "floccinaucinihilipilification": {
    "sounds": [
      "custom:floccinaucinihilipilification"
    ]
  },
  "fluorescent": {
    "sounds": [
      "custom:fluorescent"
    ]
  },
  "foggy": {
    "sounds": [
      "custom:foggy"
    ]
  },
  "forbid": {
    "sounds": [
      "custom:forbid"
    ]
  },
  "formidable": {
    "sounds": [
      "custom:formidable"
    ]
  },
  "forthcoming": {
    "sounds": [
      "custom:forthcoming"
    ]
  },
  "fossiliferous": {
    "sounds": [
      "custom:fossiliferous"
    ]
  },
  "frolic": {
    "sounds": [
      "custom:frolic"
    ]
  },
  "fuchsia": {
    "sounds": [
      "custom:fuchsia"
    ]
  },
  "furious": {
    "sounds": [
      "custom:furious"
    ]
  },
  "gallant": {
    "sounds": [
      "custom:gallant"
    ]
  },
  "gastroenterologist": {
    "sounds": [
      "custom:gastroenterologist"
    ]
  },
  "gastronomic": {
    "sounds": [
      "custom:gastronomic"
    ]
  },
  "gazebo": {
    "sounds": [
      "custom:gazebo"
    ]
  },
  "gegenstandstheorie": {
    "sounds": [
      "custom:gegenstandstheorie"
    ]
  },
  "geitonogamy": {
    "sounds": [
      "custom:geitonogamy"
    ]
  },
  "gender": {
    "sounds": [
      "custom:gender"
    ]
  },
  "gentrification": {
    "sounds": [
      "custom:gentrification"
    ]
  },
  "giant": {
    "sounds": [
      "custom:giant"
    ]
  },
  "gibberish": {
    "sounds": [
      "custom:gibberish"
    ]
  },
  "glaucomatous": {
    "sounds": [
      "custom:glaucomatous"
    ]
  },
  "glockenspiel": {
    "sounds": [
      "custom:glockenspiel"
    ]
  },
  "glyceraldehyde": {
    "sounds": [
      "custom:glyceraldehyde"
    ]
  },
  "gold": {
    "sounds": [
      "custom:gold"
    ]
  },
  "gradual": {
    "sounds": [
      "custom:gradual"
    ]
  },
  "greedy": {
    "sounds": [
      "custom:greedy"
    ]
  },
  "green": {
    "sounds": [
      "custom:green"
    ]
  },
  "grub": {
    "sounds": [
      "custom:grub"
    ]
  },
  "gubernatorial": {
    "sounds": [
      "custom:gubernatorial"
    ]
  },
  "guideline": {
    "sounds": [
      "custom:guideline"
    ]
  },
  "handkerchief": {
    "sounds": [
      "custom:handkerchief"
    ]
  },
  "harbor": {
    "sounds": [
      "custom:harbor"
    ]
  },
  "harpsichord": {
    "sounds": [
      "custom:harpsichord"
    ]
  },
  "hemispherectomy": {
    "sounds": [
      "custom:hemispherectomy"
    ]
  },
  "heresy": {
    "sounds": [
      "custom:heresy"
    ]
  },
  "heterozygous": {
    "sounds": [
      "custom:heterozygous"
    ]
  },
  "hexagonal": {
    "sounds": [
      "custom:hexagonal"
    ]
  },
  "hexakosioihexekontahexaphobia": {
    "sounds": [
      "custom:hexakosioihexekontahexaphobia"
    ]
  },
  "hierarchy": {
    "sounds": [
      "custom:hierarchy"
    ]
  },
  "hieroglyphics": {
    "sounds": [
      "custom:hieroglyphics"
    ]
  },
  "hippopotomonstrosesquippedaliophobia": {
    "sounds": [
      "custom:hippopotomonstrosesquippedaliophobia"
    ]
  },
  "homeopathy": {
    "sounds": [
      "custom:homeopathy"
    ]
  },
  "homogeneous": {
    "sounds": [
      "custom:homogeneous"
    ]
  },
  "honorificabilitudinity": {
    "sounds": [
      "custom:honorificabilitudinity"
    ]
  },
  "hornswoggle": {
    "sounds": [
      "custom:hornswoggle"
    ]
  },
  "hotel": {
    "sounds": [
      "custom:hotel"
    ]
  },
  "hourglass": {
    "sounds": [
      "custom:hourglass"
    ]
  },
  "house": {
    "sounds": [
      "custom:house"
    ]
  },
  "human": {
    "sounds": [
      "custom:human"
    ]
  },
  "humanitarian": {
    "sounds": [
      "custom:humanitarian"
    ]
  },
  "hungry": {
    "sounds": [
      "custom:hungry"
    ]
  },
  "hypoparathyroidism": {
    "sounds": [
      "custom:hypoparathyroidism"
    ]
  },
  "iconoclast": {
    "sounds": [
      "custom:iconoclast"
    ]
  },
  "ideological": {
    "sounds": [
      "custom:ideological"
    ]
  },
  "idiom": {
    "sounds": [
      "custom:idiom"
    ]
  },
  "imminent": {
    "sounds": [
      "custom:imminent"
    ]
  },
  "imprisonment": {
    "sounds": [
      "custom:imprisonment"
    ]
  },
  "inchoate": {
    "sounds": [
      "custom:inchoate"
    ]
  },
  "incomprehensibility": {
    "sounds": [
      "custom:incomprehensibility"
    ]
  },
  "indefatigable": {
    "sounds": [
      "custom:indefatigable"
    ]
  },
  "independence": {
    "sounds": [
      "custom:independence"
    ]
  },
  "indifference": {
    "sounds": [
      "custom:indifference"
    ]
  },
  "infinitesimal": {
    "sounds": [
      "custom:infinitesimal"
    ]
  },
  "infundibulum": {
    "sounds": [
      "custom:infundibulum"
    ]
  },
  "ingenious": {
    "sounds": [
      "custom:ingenious"
    ]
  },
  "ink": {
    "sounds": [
      "custom:ink"
    ]
  },
  "institutionalization": {
    "sounds": [
      "custom:institutionalization"
    ]
  },
  "integrity": {
    "sounds": [
      "custom:integrity"
    ]
  },
  "intent": {
    "sounds": [
      "custom:intent"
    ]
  },
  "intermediate": {
    "sounds": [
      "custom:intermediate"
    ]
  },
  "intermission": {
    "sounds": [
      "custom:intermission"
    ]
  },
  "iron": {
    "sounds": [
      "custom:iron"
    ]
  },
  "irony": {
    "sounds": [
      "custom:irony"
    ]
  },
  "isometropia": {
    "sounds": [
      "custom:isometropia"
    ]
  },
  "isthmus": {
    "sounds": [
      "custom:isthmus"
    ]
  },
  "jurisprudence": {
    "sounds": [
      "custom:jurisprudence"
    ]
  },
  "juxtaposition": {
    "sounds": [
      "custom:juxtaposition"
    ]
  },
  "kaleidoscope": {
    "sounds": [
      "custom:kaleidoscope"
    ]
  },
  "kangaroo": {
    "sounds": [
      "custom:kangaroo"
    ]
  },
  "kiss": {
    "sounds": [
      "custom:kiss"
    ]
  },
  "lactose": {
    "sounds": [
      "custom:lactose"
    ]
  },
  "languid": {
    "sounds": [
      "custom:languid"
    ]
  },
  "laryngotracheobronchitis": {
    "sounds": [
      "custom:laryngotracheobronchitis"
    ]
  },
  "lather": {
    "sounds": [
      "custom:lather"
    ]
  },
  "legendary": {
    "sounds": [
      "custom:legendary"
    ]
  },
  "legislation": {
    "sounds": [
      "custom:legislation"
    ]
  },
  "length": {
    "sounds": [
      "custom:length"
    ]
  },
  "lepidopterology": {
    "sounds": [
      "custom:lepidopterology"
    ]
  },
  "lexicography": {
    "sounds": [
      "custom:lexicography"
    ]
  },
  "liable": {
    "sounds": [
      "custom:liable"
    ]
  },
  "liaison": {
    "sounds": [
      "custom:liaison"
    ]
  },
  "lightning": {
    "sounds": [
      "custom:lightning"
    ]
  },
  "limousine": {
    "sounds": [
      "custom:limousine"
    ]
  },
  "livery": {
    "sounds": [
      "custom:livery"
    ]
  },
  "macabre": {
    "sounds": [
      "custom:macabre"
    ]
  },
  "machiavellian": {
    "sounds": [
      "custom:machiavellian"
    ]
  },
  "magnificent": {
    "sounds": [
      "custom:magnificent"
    ]
  },
  "malapropism": {
    "sounds": [
      "custom:malapropism"
    ]
  },
  "margin": {
    "sounds": [
      "custom:margin"
    ]
  },
  "martyrdom": {
    "sounds": [
      "custom:martyrdom"
    ]
  },
  "mathematician": {
    "sounds": [
      "custom:mathematician"
    ]
  },
  "mechanotransduction": {
    "sounds": [
      "custom:mechanotransduction"
    ]
  },
  "meditate": {
    "sounds": [
      "custom:meditate"
    ]
  },
  "melancholy": {
    "sounds": [
      "custom:melancholy"
    ]
  },
  "mellifluous": {
    "sounds": [
      "custom:mellifluous"
    ]
  },
  "menagerie": {
    "sounds": [
      "custom:menagerie"
    ]
  },
  "methodology": {
    "sounds": [
      "custom:methodology"
    ]
  },
  "metonymic": {
    "sounds": [
      "custom:metonymic"
    ]
  },
  "microorganism": {
    "sounds": [
      "custom:microorganism"
    ]
  },
  "milieu": {
    "sounds": [
      "custom:milieu"
    ]
  },
  "milk": {
    "sounds": [
      "custom:milk"
    ]
  },
  "miscellaneous": {
    "sounds": [
      "custom:miscellaneous"
    ]
  },
  "misconception": {
    "sounds": [
      "custom:misconception"
    ]
  },
  "mix": {
    "sounds": [
      "custom:mix"
    ]
  },
  "mom": {
    "sounds": [
      "custom:mom"
    ]
  },
  "monk": {
    "sounds": [
      "custom:monk"
    ]
  },
  "monochromatic": {
    "sounds": [
      "custom:monochromatic"
    ]
  },
  "monosyllabic": {
    "sounds": [
      "custom:monosyllabic"
    ]
  },
  "moon": {
    "sounds": [
      "custom:moon"
    ]
  },
  "municipal": {
    "sounds": [
      "custom:municipal"
    ]
  },
  "myopic": {
    "sounds": [
      "custom:myopic"
    ]
  },
  "myriad": {
    "sounds": [
      "custom:myriad"
    ]
  },
  "narcissistic": {
    "sounds": [
      "custom:narcissistic"
    ]
  },
  "nauseous": {
    "sounds": [
      "custom:nauseous"
    ]
  },
  "necromancer": {
    "sounds": [
      "custom:necromancer"
    ]
  },
  "negotiation": {
    "sounds": [
      "custom:negotiation"
    ]
  },
  "neuroplasticity": {
    "sounds": [
      "custom:neuroplasticity"
    ]
  },
  "neuropsychological": {
    "sounds": [
      "custom:neuropsychological"
    ]
  },
  "nomenclature": {
    "sounds": [
      "custom:nomenclature"
    ]
  },
  "nonplussed": {
    "sounds": [
      "custom:nonplussed"
    ]
  },
  "normal": {
    "sounds": [
      "custom:normal"
    ]
  },
  "notorious": {
    "sounds": [
      "custom:notorious"
    ]
  },
  "oasis": {
    "sounds": [
      "custom:oasis"
    ]
  },
  "obesity": {
    "sounds": [
      "custom:obesity"
    ]
  },
  "obfuscation": {
    "sounds": [
      "custom:obfuscation"
    ]
  },
  "obituary": {
    "sounds": [
      "custom:obituary"
    ]
  },
  "oblivious": {
    "sounds": [
      "custom:oblivious"
    ]
  },
  "offender": {
    "sounds": [
      "custom:offender"
    ]
  },
  "oligonucleotide": {
    "sounds": [
      "custom:oligonucleotide"
    ]
  },
  "onomatopoeia": {
    "sounds": [
      "custom:onomatopoeia"
    ]
  },
  "opaque": {
    "sounds": [
      "custom:opaque"
    ]
  },
  "optimism": {
    "sounds": [
      "custom:optimism"
    ]
  },
  "orange": {
    "sounds": [
      "custom:orange"
    ]
  },
  "orthogeosyncline": {
    "sounds": [
      "custom:orthogeosyncline"
    ]
  },
  "otorhinolaryngological": {
    "sounds": [
      "custom:otorhinolaryngological"
    ]
  },
  "palatine": {
    "sounds": [
      "custom:palatine"
    ]
  },
  "pantograph": {
    "sounds": [
      "custom:pantograph"
    ]
  },
  "paradigm": {
    "sounds": [
      "custom:paradigm"
    ]
  },
  "paradox": {
    "sounds": [
      "custom:paradox"
    ]
  },
  "parallel": {
    "sounds": [
      "custom:parallel"
    ]
  },
  "parallelogrammatic": {
    "sounds": [
      "custom:parallelogrammatic"
    ]
  },
  "paraphernalia": {
    "sounds": [
      "custom:paraphernalia"
    ]
  },
  "parliamentary": {
    "sounds": [
      "custom:parliamentary"
    ]
  },
  "paroxysm": {
    "sounds": [
      "custom:paroxysm"
    ]
  },
  "participation": {
    "sounds": [
      "custom:participation"
    ]
  },
  "passionate": {
    "sounds": [
      "custom:passionate"
    ]
  },
  "password": {
    "sounds": [
      "custom:password"
    ]
  },
  "pasta": {
    "sounds": [
      "custom:pasta"
    ]
  },
  "pecuniary": {
    "sounds": [
      "custom:pecuniary"
    ]
  },
  "peppermint": {
    "sounds": [
      "custom:peppermint"
    ]
  },
  "periodically": {
    "sounds": [
      "custom:periodically"
    ]
  },
  "personnel": {
    "sounds": [
      "custom:personnel"
    ]
  },
  "perspicacious": {
    "sounds": [
      "custom:perspicacious"
    ]
  },
  "pessimistic": {
    "sounds": [
      "custom:pessimistic"
    ]
  },
  "pestilence": {
    "sounds": [
      "custom:pestilence"
    ]
  },
  "phenomenon": {
    "sounds": [
      "custom:phenomenon"
    ]
  },
  "phlegm": {
    "sounds": [
      "custom:phlegm"
    ]
  },
  "photographer": {
    "sounds": [
      "custom:photographer"
    ]
  },
  "photoplethysmography": {
    "sounds": [
      "custom:photoplethysmography"
    ]
  },
  "pink": {
    "sounds": [
      "custom:pink"
    ]
  },
  "pirouette": {
    "sounds": [
      "custom:pirouette"
    ]
  },
  "plenipotentiary": {
    "sounds": [
      "custom:plenipotentiary"
    ]
  },
  "plethora": {
    "sounds": [
      "custom:plethora"
    ]
  },
  "pneumoencephalography": {
    "sounds": [
      "custom:pneumoencephalography"
    ]
  },
  "pneumonoultramicroscopicsilicovolcanoconiosis": {
    "sounds": [
      "custom:pneumonoultramicroscopicsilicovolcanoconiosis"
    ]
  },
  "polydactyly": {
    "sounds": [
      "custom:polydactyly"
    ]
  },
  "polyphiloprogenitive": {
    "sounds": [
      "custom:polyphiloprogenitive"
    ]
  },
  "pomegranate": {
    "sounds": [
      "custom:pomegranate"
    ]
  },
  "portfolio": {
    "sounds": [
      "custom:portfolio"
    ]
  },
  "portmanteau": {
    "sounds": [
      "custom:portmanteau"
    ]
  },
  "powder": {
    "sounds": [
      "custom:powder"
    ]
  },
  "power": {
    "sounds": [
      "custom:power"
    ]
  },
  "prank": {
    "sounds": [
      "custom:prank"
    ]
  },
  "predecessor": {
    "sounds": [
      "custom:predecessor"
    ]
  },
  "predominantly": {
    "sounds": [
      "custom:predominantly"
    ]
  },
  "prestigious": {
    "sounds": [
      "custom:prestigious"
    ]
  },
  "probably": {
    "sounds": [
      "custom:probably"
    ]
  },
  "problematic": {
    "sounds": [
      "custom:problematic"
    ]
  },
  "proclamation": {
    "sounds": [
      "custom:proclamation"
    ]
  },
  "procrastinate": {
    "sounds": [
      "custom:procrastinate"
    ]
  },
  "pronunciation": {
    "sounds": [
      "custom:pronunciation"
    ]
  },
  "proof": {
    "sounds": [
      "custom:proof"
    ]
  },
  "propaganda": {
    "sounds": [
      "custom:propaganda"
    ]
  },
  "pseudopseudohypoparathyroidism": {
    "sounds": [
      "custom:pseudopseudohypoparathyroidism"
    ]
  },
  "pseudorhombicuboctahedron": {
    "sounds": [
      "custom:pseudorhombicuboctahedron"
    ]
  },
  "psychological": {
    "sounds": [
      "custom:psychological"
    ]
  },
  "psychoneuroendocrinological": {
    "sounds": [
      "custom:psychoneuroendocrinological"
    ]
  },
  "psychoneuroimmunology": {
    "sounds": [
      "custom:psychoneuroimmunology"
    ]
  },
  "psychophysicotherapeutics": {
    "sounds": [
      "custom:psychophysicotherapeutics"
    ]
  },
  "puerile": {
    "sounds": [
      "custom:puerile"
    ]
  },
  "pugnacious": {
    "sounds": [
      "custom:pugnacious"
    ]
  },
  "pulchritudinous": {
    "sounds": [
      "custom:pulchritudinous"
    ]
  },
  "purple": {
    "sounds": [
      "custom:purple"
    ]
  },
  "pursuit": {
    "sounds": [
      "custom:pursuit"
    ]
  },
  "pusillanimous": {
    "sounds": [
      "custom:pusillanimous"
    ]
  },
  "pygmy": {
    "sounds": [
      "custom:pygmy"
    ]
  },
  "quack": {
    "sounds": [
      "custom:quack"
    ]
  },
  "quasiautobiographical": {
    "sounds": [
      "custom:quasiautobiographical"
    ]
  },
  "quasquicentennial": {
    "sounds": [
      "custom:quasquicentennial"
    ]
  },
  "queen": {
    "sounds": [
      "custom:queen"
    ]
  },
  "querimony": {
    "sounds": [
      "custom:querimony"
    ]
  },
  "quill": {
    "sounds": [
      "custom:quill"
    ]
  },
  "quindecasyllabic": {
    "sounds": [
      "custom:quindecasyllabic"
    ]
  },
  "quixotry": {
    "sounds": [
      "custom:quixotry"
    ]
  },
  "quoddamodotative": {
    "sounds": [
      "custom:quoddamodotative"
    ]
  },
  "radiometeorograph": {
    "sounds": [
      "custom:radiometeorograph"
    ]
  },
  "rain": {
    "sounds": [
      "custom:rain"
    ]
  },
  "rally": {
    "sounds": [
      "custom:rally"
    ]
  },
  "rambunctious": {
    "sounds": [
      "custom:rambunctious"
    ]
  },
  "random": {
    "sounds": [
      "custom:random"
    ]
  },
  "ravenous": {
    "sounds": [
      "custom:ravenous"
    ]
  },
  "recession": {
    "sounds": [
      "custom:recession"
    ]
  },
  "recipient": {
    "sounds": [
      "custom:recipient"
    ]
  },
  "red": {
    "sounds": [
      "custom:red"
    ]
  },
  "refrain": {
    "sounds": [
      "custom:refrain"
    ]
  },
  "refugee": {
    "sounds": [
      "custom:refugee"
    ]
  },
  "rehabilitation": {
    "sounds": [
      "custom:rehabilitation"
    ]
  },
  "reincarnation": {
    "sounds": [
      "custom:reincarnation"
    ]
  },
  "reliability": {
    "sounds": [
      "custom:reliability"
    ]
  },
  "remarkable": {
    "sounds": [
      "custom:remarkable"
    ]
  },
  "reminiscence": {
    "sounds": [
      "custom:reminiscence"
    ]
  },
  "rendezvous": {
    "sounds": [
      "custom:rendezvous"
    ]
  },
  "reply": {
    "sounds": [
      "custom:reply"
    ]
  },
  "residential": {
    "sounds": [
      "custom:residential"
    ]
  },
  "resilience": {
    "sounds": [
      "custom:resilience"
    ]
  },
  "resurrection": {
    "sounds": [
      "custom:resurrection"
    ]
  },
  "revelation": {
    "sounds": [
      "custom:revelation"
    ]
  },
  "rhythm": {
    "sounds": [
      "custom:rhythm"
    ]
  },
  "ricochet": {
    "sounds": [
      "custom:ricochet"
    ]
  },
  "robust": {
    "sounds": [
      "custom:robust"
    ]
  },
  "ruby": {
    "sounds": [
      "custom:ruby"
    ]
  },
  "sagacious": {
    "sounds": [
      "custom:sagacious"
    ]
  },
  "sapphire": {
    "sounds": [
      "custom:sapphire"
    ]
  },
  "sarcophagus": {
    "sounds": [
      "custom:sarcophagus"
    ]
  },
  "sclerectoiridectomy": {
    "sounds": [
      "custom:sclerectoiridectomy"
    ]
  },
  "scrutiny": {
    "sounds": [
      "custom:scrutiny"
    ]
  },
  "secret": {
    "sounds": [
      "custom:secret"
    ]
  },
  "seldom": {
    "sounds": [
      "custom:seldom"
    ]
  },
  "semaphore": {
    "sounds": [
      "custom:semaphore"
    ]
  },
  "semicircle": {
    "sounds": [
      "custom:semicircle"
    ]
  },
  "sentimental": {
    "sounds": [
      "custom:sentimental"
    ]
  },
  "separation": {
    "sounds": [
      "custom:separation"
    ]
  },
  "sequoia": {
    "sounds": [
      "custom:sequoia"
    ]
  },
  "serendipity": {
    "sounds": [
      "custom:serendipity"
    ]
  },
  "sesquipedalian": {
    "sounds": [
      "custom:sesquipedalian"
    ]
  },
  "shake": {
    "sounds": [
      "custom:shake"
    ]
  },
  "shareholder": {
    "sounds": [
      "custom:shareholder"
    ]
  },
  "sigh": {
    "sounds": [
      "custom:sigh"
    ]
  },
  "significance": {
    "sounds": [
      "custom:significance"
    ]
  },
  "silhouette": {
    "sounds": [
      "custom:silhouette"
    ]
  },
  "simultaneous": {
    "sounds": [
      "custom:simultaneous"
    ]
  },
  "size": {
    "sounds": [
      "custom:size"
    ]
  },
  "sniffle": {
    "sounds": [
      "custom:sniffle"
    ]
  },
  "snow": {
    "sounds": [
      "custom:snow"
    ]
  },
  "soda": {
    "sounds": [
      "custom:soda"
    ]
  },
  "solidarity": {
    "sounds": [
      "custom:solidarity"
    ]
  },
  "soliloquy": {
    "sounds": [
      "custom:soliloquy"
    ]
  },
  "sovereignty": {
    "sounds": [
      "custom:sovereignty"
    ]
  },
  "special": {
    "sounds": [
      "custom:special"
    ]
  },
  "spectrophotofluorometry": {
    "sounds": [
      "custom:spectrophotofluorometry"
    ]
  },
  "spectrophotometer": {
    "sounds": [
      "custom:spectrophotometer"
    ]
  },
  "spell1": {
    "sounds": [
      "custom:spell1"
    ]
  },
  "spell2": {
    "sounds": [
      "custom:spell2"
    ]
  },
  "spell3": {
    "sounds": [
      "custom:spell3"
    ]
  },
  "spell4": {
    "sounds": [
      "custom:spell4"
    ]
  },
  "spell5": {
    "sounds": [
      "custom:spell5"
    ]
  },
  "sphygmomanometer": {
    "sounds": [
      "custom:sphygmomanometer"
    ]
  },
  "spokesperson": {
    "sounds": [
      "custom:spokesperson"
    ]
  },
  "star": {
    "sounds": [
      "custom:star"
    ]
  },
  "state": {
    "sounds": [
      "custom:state"
    ]
  },
  "steadfast": {
    "sounds": [
      "custom:steadfast"
    ]
  },
  "stereoelectroencephalography": {
    "sounds": [
      "custom:stereoelectroencephalography"
    ]
  },
  "stereotype": {
    "sounds": [
      "custom:stereotype"
    ]
  },
  "still": {
    "sounds": [
      "custom:still"
    ]
  },
  "strategic": {
    "sounds": [
      "custom:strategic"
    ]
  },
  "stumble": {
    "sounds": [
      "custom:stumble"
    ]
  },
  "subcompartmentalization": {
    "sounds": [
      "custom:subcompartmentalization"
    ]
  },
  "subdermatoglyphic": {
    "sounds": [
      "custom:subdermatoglyphic"
    ]
  },
  "subpoena": {
    "sounds": [
      "custom:subpoena"
    ]
  },
  "subsidy": {
    "sounds": [
      "custom:subsidy"
    ]
  },
  "subterranean": {
    "sounds": [
      "custom:subterranean"
    ]
  },
  "suck": {
    "sounds": [
      "custom:suck"
    ]
  },
  "supercalifragilisticexpialidocious": {
    "sounds": [
      "custom:supercalifragilisticexpialidocious"
    ]
  },
  "supererogatory": {
    "sounds": [
      "custom:supererogatory"
    ]
  },
  "superferromagnetism": {
    "sounds": [
      "custom:superferromagnetism"
    ]
  },
  "supposedly": {
    "sounds": [
      "custom:supposedly"
    ]
  },
  "surrogate": {
    "sounds": [
      "custom:surrogate"
    ]
  },
  "surveillance": {
    "sounds": [
      "custom:surveillance"
    ]
  },
  "susceptible": {
    "sounds": [
      "custom:susceptible"
    ]
  },
  "susurration": {
    "sounds": [
      "custom:susurration"
    ]
  },
  "syllable": {
    "sounds": [
      "custom:syllable"
    ]
  },
  "syllepsis": {
    "sounds": [
      "custom:syllepsis"
    ]
  },
  "symbiosis": {
    "sounds": [
      "custom:symbiosis"
    ]
  },
  "symmetrical": {
    "sounds": [
      "custom:symmetrical"
    ]
  },
  "syntax": {
    "sounds": [
      "custom:syntax"
    ]
  },
  "systematic": {
    "sounds": [
      "custom:systematic"
    ]
  },
  "syzygy": {
    "sounds": [
      "custom:syzygy"
    ]
  },
  "tangerine": {
    "sounds": [
      "custom:tangerine"
    ]
  },
  "tank": {
    "sounds": [
      "custom:tank"
    ]
  },
  "telepathy": {
    "sounds": [
      "custom:telepathy"
    ]
  },
  "tempestuous": {
    "sounds": [
      "custom:tempestuous"
    ]
  },
  "tetraphobia": {
    "sounds": [
      "custom:tetraphobia"
    ]
  },
  "thalassophobia": {
    "sounds": [
      "custom:thalassophobia"
    ]
  },
  "therapeutic": {
    "sounds": [
      "custom:therapeutic"
    ]
  },
  "thesaurus": {
    "sounds": [
      "custom:thesaurus"
    ]
  },
  "thesis": {
    "sounds": [
      "custom:thesis"
    ]
  },
  "tintinnabulation": {
    "sounds": [
      "custom:tintinnabulation"
    ]
  },
  "tonsillopharyngitis": {
    "sounds": [
      "custom:tonsillopharyngitis"
    ]
  },
  "town": {
    "sounds": [
      "custom:town"
    ]
  },
  "transaction": {
    "sounds": [
      "custom:transaction"
    ]
  },
  "transinstitutionalization": {
    "sounds": [
      "custom:transinstitutionalization"
    ]
  },
  "translucent": {
    "sounds": [
      "custom:translucent"
    ]
  },
  "transparency": {
    "sounds": [
      "custom:transparency"
    ]
  },
  "transportation": {
    "sounds": [
      "custom:transportation"
    ]
  },
  "trauma": {
    "sounds": [
      "custom:trauma"
    ]
  },
  "tree": {
    "sounds": [
      "custom:tree"
    ]
  },
  "tremendous": {
    "sounds": [
      "custom:tremendous"
    ]
  },
  "triphosphate": {
    "sounds": [
      "custom:triphosphate"
    ]
  },
  "twenty": {
    "sounds": [
      "custom:twenty"
    ]
  },
  "twist": {
    "sounds": [
      "custom:twist"
    ]
  },
  "ubiquitous": {
    "sounds": [
      "custom:ubiquitous"
    ]
  },
  "uncharacteristic": {
    "sounds": [
      "custom:uncharacteristic"
    ]
  },
  "uncomfortable": {
    "sounds": [
      "custom:uncomfortable"
    ]
  },
  "understand": {
    "sounds": [
      "custom:understand"
    ]
  },
  "unprecedented": {
    "sounds": [
      "custom:unprecedented"
    ]
  },
  "update": {
    "sounds": [
      "custom:update"
    ]
  },
  "utilitarianism": {
    "sounds": [
      "custom:utilitarianism"
    ]
  },
  "vague": {
    "sounds": [
      "custom:vague"
    ]
  },
  "validity": {
    "sounds": [
      "custom:validity"
    ]
  },
  "venerate": {
    "sounds": [
      "custom:venerate"
    ]
  },
  "ventriculocisternostomy": {
    "sounds": [
      "custom:ventriculocisternostomy"
    ]
  },
  "verbatim": {
    "sounds": [
      "custom:verbatim"
    ]
  },
  "verisimilitude": {
    "sounds": [
      "custom:verisimilitude"
    ]
  },
  "vexatious": {
    "sounds": [
      "custom:vexatious"
    ]
  },
  "vignette": {
    "sounds": [
      "custom:vignette"
    ]
  },
  "villain": {
    "sounds": [
      "custom:villain"
    ]
  },
  "violation": {
    "sounds": [
      "custom:violation"
    ]
  },
  "voluntary": {
    "sounds": [
      "custom:voluntary"
    ]
  },
  "vulnerability": {
    "sounds": [
      "custom:vulnerability"
    ]
  },
  "water": {
    "sounds": [
      "custom:water"
    ]
  },
  "wednesday": {
    "sounds": [
      "custom:wednesday"
    ]
  },
  "white": {
    "sounds": [
      "custom:white"
    ]
  },
  "wholeheartedly": {
    "sounds": [
      "custom:wholeheartedly"
    ]
  },
  "wind": {
    "sounds": [
      "custom:wind"
    ]
  },
  "worcestershire": {
    "sounds": [
      "custom:worcestershire"
    ]
  },
  "word": {
    "sounds": [
      "custom:word"
    ]
  },
  "workout": {
    "sounds": [
      "custom:workout"
    ]
  },
  "worthwhile": {
    "sounds": [
      "custom:worthwhile"
    ]
  },
  "wrist": {
    "sounds": [
      "custom:wrist"
    ]
  },
  "xenogeneic": {
    "sounds": [
      "custom:xenogeneic"
    ]
  },
  "xylotypographic": {
    "sounds": [
      "custom:xylotypographic"
    ]
  },
  "zoo": {
    "sounds": [
      "custom:zoo"
    ]
  },
  "zygote": {
    "sounds": [
      "custom:zygote"
    ]
  }
}